height_cm,weight_kg,label,cluster
175.0,112.8,-1,1
168.6,83.5,-1,1
176.5,73.4,-1,1
185.2,94.5,-1,1
167.7,61.5,1,0
167.7,90.8,-1,1
185.8,55.2,1,1
177.7,69.7,1,1
165.3,79.7,-1,0
175.4,98.6,-1,1
165.4,72.2,-1,0
165.3,51.4,1,0
172.4,75.0,1,1
150.9,55.3,1,0
152.8,53.8,1,0
164.4,60.5,1,0
159.9,61.1,1,0
173.1,52.5,1,0
160.9,65.5,1,0
155.9,70.6,1,0
184.7,121.0,-1,1
167.7,84.9,-1,1
170.7,91.3,-1,1
155.8,68.6,-1,0
164.6,39.3,1,0
171.1,78.1,1,1
158.5,68.3,-1,0
173.8,89.6,-1,1
164.0,76.4,-1,0
167.1,71.8,1,0
164.0,98.8,-1,1
188.5,101.6,-1,1
169.9,78.0,-1,1
159.4,70.5,-1,0
178.2,80.6,1,1
157.8,62.5,1,0
172.1,47.4,1,0
150.4,44.1,1,0
156.7,57.1,1,0
172.0,77.5,1,1
177.4,55.1,1,0
171.7,64.5,1,0
168.8,60.2,-1,0
167.0,71.7,1,0
155.2,66.8,-1,0
162.8,56.0,1,0
165.4,63.1,1,0
180.6,68.2,1,1
173.4,63.6,1,0
152.4,53.8,1,0
173.2,98.7,-1,1
166.1,56.4,1,0
163.2,98.6,-1,1
176.1,59.2,1,0
180.3,99.9,-1,1
179.3,76.0,1,1
161.6,47.1,1,0
166.9,87.5,-1,1
173.3,81.1,1,1
179.8,81.6,1,1
165.2,63.7,1,0
168.1,65.1,1,0
158.9,60.5,1,0
158.0,40.0,1,0
178.1,55.5,1,0
183.6,92.2,-1,1
169.3,87.7,-1,1
180.0,107.5,-1,1
173.6,58.0,1,0
163.5,74.0,-1,0
173.6,43.7,1,0
185.4,73.5,1,1
169.6,90.5,-1,1
185.6,80.6,1,1
145.0,51.5,1,0
178.2,83.9,1,1
170.9,95.5,-1,1
167.0,65.6,1,0
170.9,74.3,1,0
150.1,76.9,-1,0
167.8,70.8,1,0
173.6,52.7,1,0
184.8,113.4,-1,1
164.8,88.5,-1,1
161.9,45.9,1,0
165.0,70.0,-1,0
179.2,75.0,1,1
173.3,95.2,-1,1
164.7,71.7,1,0
175.1,84.3,1,1
171.0,76.5,1,1
179.7,66.8,1,1
163.0,91.1,1,1
166.7,52.1,1,0
166.1,60.9,1,0
155.4,56.6,1,0
173.0,55.3,1,0
172.6,101.6,1,1
170.1,72.3,1,0
167.7,80.0,-1,0
155.8,46.8,1,0
165.8,80.5,-1,0
166.6,78.5,1,0
162.0,80.4,-1,0
168.4,103.3,-1,1
174.0,65.6,1,0
188.9,85.2,1,1
171.7,54.4,1,0
172.6,77.2,1,1
169.3,83.0,-1,1
150.8,61.8,-1,0
169.7,100.4,-1,1
170.6,77.0,1,1
194.6,89.0,1,1
168.1,52.1,1,0
173.0,90.4,-1,1
169.7,64.9,1,0
158.3,72.3,-1,0
181.4,69.0,-1,1
177.5,106.2,-1,1
177.9,91.2,-1,1
160.9,80.1,-1,0
184.0,92.5,-1,1
156.0,51.0,1,0
175.9,75.2,1,1
191.9,69.3,-1,1
160.1,66.9,1,0
164.3,39.8,-1,0
171.0,73.9,1,0
165.0,43.5,1,0
154.5,71.3,-1,0
170.7,53.5,1,0
159.4,49.0,1,0
174.7,101.5,-1,1
160.8,69.6,-1,0
185.5,108.7,-1,1
162.2,49.9,1,0
166.8,89.8,-1,1
178.1,81.5,1,1
157.7,63.9,1,0
172.3,105.2,-1,1
183.1,60.4,1,1
153.9,75.8,-1,0
171.8,80.7,-1,1
172.6,66.2,1,0
177.8,58.3,1,0
157.6,58.8,1,0
156.8,45.7,1,0
175.2,98.6,-1,1
173.0,80.9,-1,1
172.5,66.8,1,0
173.5,49.3,1,0
163.2,59.2,-1,0
172.3,100.7,-1,1
172.9,72.3,1,1
162.9,67.4,1,0
188.7,119.9,-1,1
174.7,64.2,1,0
158.1,46.6,1,0
176.6,80.8,1,1
160.3,74.5,-1,0
177.9,68.0,1,1
181.6,71.6,1,1
161.8,84.2,-1,0
179.6,77.1,1,1
174.1,53.9,1,0
178.2,78.3,1,1
189.0,113.8,-1,1
167.5,71.2,-1,0
162.5,74.5,-1,0
161.1,48.6,1,0
161.8,75.4,-1,0
169.2,55.2,1,0
173.4,76.2,1,1
172.8,92.8,-1,1
178.3,81.3,1,1
170.1,50.9,1,0
184.5,60.8,1,1
167.4,96.8,-1,1
197.2,85.1,1,1
176.3,96.6,-1,1
161.4,70.9,-1,0
159.3,52.0,1,0
174.8,71.2,1,1
167.8,99.1,-1,1
177.1,145.9,-1,1
174.7,70.5,1,1
169.3,60.7,1,0
161.5,41.7,-1,0
154.9,38.4,1,0
165.5,50.3,1,0
178.6,71.2,1,1
172.1,69.2,1,0
157.5,76.0,-1,0
171.7,73.2,1,1
173.9,88.4,-1,1
161.2,59.3,-1,0
171.5,67.9,1,0
170.6,62.0,1,0
158.6,43.8,1,0
173.6,43.7,1,0
175.6,69.3,1,1
180.8,52.3,1,0
180.5,64.2,1,1
156.2,72.7,-1,0
160.6,67.3,1,0
175.2,77.1,1,1
175.1,103.0,-1,1
175.2,63.3,1,0
200.0,122.4,-1,1
175.7,62.2,1,0
181.4,92.6,-1,1
179.5,78.7,1,1
176.5,86.4,-1,1
166.8,63.1,1,0
177.6,89.6,-1,1
162.3,72.1,-1,0
167.6,50.3,1,0
165.1,82.1,-1,0
170.8,55.7,1,0
193.1,68.0,1,1
151.3,64.0,1,0
176.9,84.7,-1,1
153.9,65.9,-1,0
165.3,77.7,-1,0
180.9,64.4,1,1
170.6,68.0,1,0
159.2,40.6,1,0
162.8,47.7,1,0
176.8,57.7,1,0
162.7,66.4,1,0
172.2,116.0,-1,1
170.5,90.2,-1,1
163.5,46.8,1,0
191.4,53.1,1,1
176.3,58.2,1,0
149.7,35.9,1,0
171.9,73.3,1,1
163.4,70.4,1,0
178.5,55.0,1,0
162.1,66.1,1,0
168.9,79.3,-1,1
175.0,94.1,-1,1
178.7,87.6,-1,1
158.0,63.6,1,0
166.7,73.0,1,0
165.3,51.7,1,0
163.5,58.1,1,0
187.7,54.8,1,1
174.0,103.0,-1,1
157.4,43.8,-1,0
179.2,93.8,-1,1
191.2,64.9,-1,1
180.3,96.3,-1,1
154.8,73.9,1,0
165.2,87.0,-1,1
182.7,57.6,1,1
162.9,65.0,1,0
174.4,60.5,1,0
177.7,57.4,1,0
160.7,65.3,1,0
169.4,90.1,-1,1
145.0,45.1,1,0
159.8,68.8,1,0
167.5,59.1,1,0
157.5,46.5,1,0
186.3,74.8,1,1
155.7,60.4,1,0
165.6,75.4,-1,0
171.3,51.3,-1,0
184.4,134.2,-1,1
155.6,35.1,1,0
181.6,82.0,1,1
170.1,71.7,1,0
160.2,58.0,1,0
174.6,73.0,1,1
172.0,81.4,-1,1
164.0,84.6,-1,0
170.7,73.4,1,0
166.1,74.5,1,0
171.1,49.8,1,0
176.6,79.2,1,1
185.9,89.4,1,1
157.6,36.0,1,0
191.3,87.8,1,1
150.5,57.7,1,0
168.5,88.3,-1,1
175.9,80.4,1,1
172.8,87.7,-1,1
163.8,62.7,1,0
167.9,85.4,-1,1
165.1,77.3,-1,0
164.1,46.2,1,0
178.5,85.6,1,1
173.6,101.2,-1,1
163.1,82.2,1,0
179.0,85.4,1,1
173.1,76.2,1,1
178.1,96.7,-1,1
176.3,61.1,1,0
161.7,76.7,-1,0
164.4,43.2,1,0
177.5,95.0,-1,1
176.1,70.4,1,1
169.8,74.9,1,0
171.2,63.5,1,0
182.8,87.7,1,1
164.1,71.4,1,0
175.5,86.3,-1,1
168.0,92.5,-1,1
167.8,75.5,1,0
181.0,47.5,1,0
178.3,109.1,-1,1
178.1,51.3,-1,0
183.1,75.3,1,1
170.2,68.3,1,0
176.8,83.1,1,1
166.9,52.7,1,0
173.2,46.9,1,0
168.7,66.5,1,0
171.0,59.1,1,0
176.0,107.0,-1,1
161.8,52.9,1,0
190.9,68.6,1,1
159.9,89.6,-1,0
157.9,69.3,-1,0
181.6,136.2,-1,1
177.9,50.6,-1,0
176.2,81.5,1,1
176.3,86.7,-1,1
169.9,68.3,1,0
161.0,63.1,1,0
170.8,94.7,-1,1
163.2,78.1,-1,0
179.8,51.7,1,0
168.5,60.5,1,0
161.7,51.1,1,0
166.8,63.3,1,0
174.1,97.6,-1,1
164.4,61.4,1,0
161.8,57.5,1,0
172.4,56.9,1,0
172.4,92.4,-1,1
164.9,92.2,-1,1
165.3,63.7,1,0
172.3,102.4,-1,1
155.5,52.6,1,0
155.9,40.4,1,0
162.8,79.1,-1,0
167.9,68.8,1,0
173.1,69.0,1,0
184.8,86.9,1,1
178.6,51.0,1,0
168.4,49.6,1,0
169.8,78.0,-1,1
160.0,70.6,-1,0
169.8,96.2,-1,1
167.1,84.7,1,1
173.2,86.5,-1,1
161.7,85.3,-1,0
175.2,81.1,1,1
185.3,78.8,1,1
168.9,91.2,-1,1
174.0,91.6,-1,1
176.9,78.1,1,1
166.0,44.9,1,0
172.2,51.9,1,0
170.1,87.0,-1,1
171.0,85.9,-1,1
162.3,79.6,-1,0
170.2,87.8,-1,1
175.0,64.6,1,0
184.5,54.5,-1,1
179.6,85.8,1,1
191.5,112.6,-1,1
162.3,75.4,-1,0
178.7,51.4,1,0
171.8,73.7,1,1
191.9,72.7,1,1
161.9,41.9,1,0
161.6,61.3,1,0
164.0,73.9,-1,0
148.8,50.7,1,0
164.7,75.0,-1,0
162.4,57.4,1,0
171.5,75.0,1,1
173.4,70.9,1,1
188.8,89.0,1,1
179.5,85.7,1,1
164.2,84.6,-1,0
161.0,69.4,-1,0
174.9,92.5,-1,1
156.8,57.9,1,0
188.3,99.0,-1,1
181.8,98.2,-1,1
165.3,95.0,-1,1
152.9,78.9,-1,0
183.5,88.2,1,1
168.9,86.6,-1,1
182.4,94.1,-1,1
154.1,54.2,1,0
164.0,76.3,-1,0
170.1,57.0,1,0
170.5,86.8,-1,1
165.5,97.3,-1,1
176.2,97.6,-1,1
159.3,77.9,-1,0
168.6,60.3,1,0
171.2,81.7,-1,1
175.1,94.1,-1,1
177.1,77.4,-1,1
158.8,73.3,-1,0
154.7,66.3,-1,0
182.8,102.5,1,1
173.3,56.5,1,0
162.5,86.2,-1,0
185.5,90.2,1,1
171.2,66.8,-1,0
181.8,80.8,1,1
170.7,72.1,1,0
190.6,78.2,1,1
187.6,118.3,-1,1
167.5,82.2,-1,1
179.7,100.7,-1,1
176.5,110.8,-1,1
183.7,88.2,1,1
160.4,37.3,1,0
176.9,94.7,-1,1
180.6,98.0,-1,1
152.4,76.2,-1,0
158.2,78.8,-1,0
149.6,57.8,1,0
167.3,71.8,1,0
177.2,92.7,-1,1
185.0,49.6,1,1
170.7,77.1,1,1
186.3,111.7,-1,1
156.2,59.2,-1,0
153.0,56.6,1,0
169.4,81.2,-1,1
173.8,100.0,-1,1
169.7,84.1,-1,1
149.3,43.3,1,0
169.1,96.7,-1,1
157.0,82.5,-1,0
176.7,67.6,1,1
173.7,126.0,-1,1
160.6,68.3,-1,0
164.9,83.4,-1,0
159.4,74.6,-1,0
169.4,55.4,1,0
179.6,71.9,1,1
160.1,69.0,1,0
175.0,53.6,1,0
164.7,81.2,1,0
162.1,46.0,1,0
168.9,71.6,1,0
159.6,49.6,1,0
164.5,73.0,1,0
158.0,36.2,1,0
189.6,52.2,-1,1
170.4,62.2,1,0
163.0,74.7,-1,0
172.1,78.0,1,1
168.9,85.0,-1,1
167.8,76.4,-1,0
176.1,77.2,1,1
177.6,63.3,1,1
164.7,68.2,1,0
164.2,67.1,1,0
167.2,44.8,1,0
147.0,42.5,1,0
154.8,66.6,-1,0
183.7,88.0,1,1
186.4,86.8,1,1
167.5,59.9,-1,0
175.8,44.8,1,0
173.1,52.4,1,0
200.0,92.6,1,1
181.2,111.4,-1,1
168.7,67.5,1,0
160.4,80.1,-1,0
153.9,46.1,1,0
172.0,74.6,1,1
162.4,50.9,1,0
155.8,49.9,1,0
163.5,78.8,-1,0
159.2,61.5,-1,0
186.9,58.3,1,1
178.8,81.8,1,1
169.9,55.4,1,0
184.8,50.7,1,1
170.8,55.5,1,0
161.4,93.2,-1,1
185.2,115.9,-1,1
175.4,53.8,1,0
159.6,60.8,-1,0
168.1,68.7,1,0
161.2,64.7,1,0
156.2,51.3,1,0
179.3,99.6,1,1
189.1,109.6,-1,1
156.0,72.5,-1,0
175.6,83.2,1,1
163.5,76.6,-1,0
165.1,58.4,1,0
164.1,43.1,1,0
161.4,37.8,1,0
170.5,57.8,1,0
161.7,58.3,1,0
172.7,47.1,1,0
169.5,52.3,1,0
167.6,63.9,1,0
160.9,78.2,-1,0
164.2,72.8,-1,0
177.6,62.5,1,1
175.0,82.0,1,1
160.2,43.7,1,0
171.0,57.9,1,0
177.5,45.7,1,0
153.3,64.8,-1,0
175.4,76.3,1,1
163.4,68.2,1,0
175.7,96.7,-1,1
162.4,54.1,-1,0
152.0,67.7,-1,0
153.7,87.2,-1,0
170.5,51.2,1,0
172.6,47.7,1,0
161.0,45.2,1,0
176.4,85.0,-1,1
153.4,79.9,-1,0
169.3,96.7,-1,1
157.9,78.7,-1,0
163.5,84.9,-1,0
170.5,85.1,-1,1
161.4,76.5,-1,0
166.2,74.0,1,0
180.1,70.4,1,1
164.2,91.1,-1,1
178.4,105.0,-1,1
158.7,47.4,1,0
175.3,93.4,-1,1
184.4,119.9,-1,1
145.3,61.2,1,0
162.0,66.3,1,0
175.8,103.7,-1,1
168.0,79.1,-1,0
173.7,64.1,1,0
164.0,52.7,-1,0
170.9,51.1,1,0
168.4,100.3,-1,1
181.7,61.0,1,1
172.5,91.6,-1,1
173.4,54.0,1,0
165.9,71.5,1,0
165.1,75.5,-1,0
165.7,44.1,1,0
173.9,97.6,-1,1
165.8,69.6,1,0
172.9,84.6,1,1
190.8,122.7,-1,1
178.7,98.8,-1,1
166.7,72.1,1,0
182.0,121.5,-1,1
165.9,68.1,1,0
149.6,57.2,1,0
159.9,57.6,1,0
151.3,40.4,1,0
166.5,47.1,1,0
170.2,58.4,1,0
186.8,60.8,1,1
173.3,70.1,1,1
167.8,84.4,1,1
178.3,71.7,1,1
147.9,57.6,1,0
172.4,69.7,1,0
177.7,127.2,-1,1
155.2,85.6,-1,0
181.4,82.3,1,1
173.4,80.1,1,1
165.8,42.5,1,0
176.3,78.4,1,1
192.7,85.0,-1,1
171.8,87.0,-1,1
172.5,57.8,1,0
165.4,99.7,-1,1
161.5,68.1,1,0
178.3,62.9,1,1
161.4,61.7,1,0
170.7,90.1,-1,1
165.2,80.9,-1,0
174.8,79.2,-1,1
173.3,95.4,-1,1
180.4,102.2,1,1
164.9,81.4,1,0
167.3,61.1,1,0
160.2,63.7,1,0
165.6,65.1,1,0
173.8,66.5,1,0
177.6,76.1,1,1
160.8,68.4,1,0
178.7,111.5,-1,1
183.6,69.0,1,1
174.1,53.3,1,0
188.8,102.9,-1,1
162.3,67.0,1,0
157.6,51.8,1,0
152.2,68.8,-1,0
185.0,79.8,1,1
176.5,106.4,-1,1
169.4,51.1,1,0
172.8,64.2,1,0
158.7,64.9,1,0
194.5,119.7,-1,1
171.3,56.4,-1,0
171.1,79.8,-1,1
177.3,56.6,1,0
174.8,93.2,1,1
172.2,67.0,1,0
162.1,79.4,-1,0
174.7,88.6,-1,1
188.8,62.4,1,1
183.5,88.4,1,1
185.9,75.9,1,1
164.9,76.1,-1,0
160.1,54.5,1,0
168.7,65.5,-1,0
170.6,98.0,-1,1
180.9,108.8,-1,1
153.1,41.1,1,0
185.3,128.0,1,1
168.4,49.6,1,0
165.7,76.3,1,0
159.9,44.2,1,0
153.5,64.1,-1,0
178.2,79.2,-1,1
170.7,50.7,1,0
157.1,47.1,1,0
157.0,53.7,1,0
166.6,70.7,1,0
186.7,107.5,1,1
167.4,107.2,-1,1
155.0,54.0,-1,0
167.5,79.4,-1,0
167.3,89.9,-1,1
145.0,46.9,1,0
169.5,58.3,1,0
167.7,99.0,1,1
177.0,79.6,1,1
188.5,98.8,-1,1
181.3,52.6,1,0
167.3,65.4,1,0
158.9,95.5,-1,0
195.7,106.4,-1,1
170.6,76.6,1,1
170.1,96.6,-1,1
169.8,50.4,1,0
172.0,71.0,1,0
168.6,109.8,-1,1
164.3,70.7,1,0
164.5,62.7,1,0
169.7,96.7,-1,1
164.6,88.0,-1,1
162.9,41.6,1,0
171.1,85.1,-1,1
167.5,99.6,-1,1
185.0,67.3,1,1
145.0,51.0,1,0
180.9,77.5,1,1
182.5,102.1,-1,1
149.3,40.0,1,0
166.6,44.4,1,0
166.3,76.9,-1,0
155.9,77.8,-1,0
162.2,56.9,1,0
158.9,50.1,1,0
187.5,84.4,1,1
179.4,106.4,-1,1
182.7,70.2,1,1
177.2,94.0,-1,1
158.7,45.5,1,0
164.8,49.9,1,0
174.9,92.0,-1,1
157.8,86.6,-1,0
177.1,95.2,-1,1
167.6,44.9,1,0
166.3,58.0,1,0
177.1,82.9,1,1
174.4,81.7,1,1
166.4,44.3,1,0
181.6,61.7,1,1
159.2,47.4,1,0
176.2,81.0,1,1
175.9,54.2,-1,0
166.9,83.9,-1,1
173.3,77.9,1,1
157.5,46.5,1,0
179.2,84.0,1,1
168.2,42.0,1,0
164.8,67.0,1,0
180.5,57.0,1,1
163.0,42.5,1,0
155.9,54.2,1,0
154.4,49.4,1,0
176.1,84.6,-1,1
157.2,65.2,1,0
187.5,132.3,-1,1
149.2,52.1,1,0
187.0,55.9,1,1
172.1,43.0,1,0
169.0,50.9,1,0
164.6,121.8,-1,1
174.0,75.0,1,1
169.6,95.4,-1,1
181.0,101.7,-1,1
171.1,51.0,1,0
171.5,47.1,1,0
166.4,79.9,-1,0
169.4,41.6,1,0
173.1,97.0,-1,1
152.9,60.3,-1,0
156.5,66.6,-1,0
177.4,79.7,1,1
171.7,80.0,-1,1
168.2,68.2,-1,0
170.2,81.6,1,1
173.5,80.6,1,1
164.6,41.3,1,0
162.2,55.6,1,0
172.0,116.9,-1,1
160.2,72.9,-1,0
174.1,101.1,-1,1
153.0,48.2,1,0
180.3,61.7,1,1
174.7,54.3,1,0
172.6,50.6,1,0
179.8,51.7,1,0
186.7,86.7,1,1
180.1,79.1,1,1
151.6,69.5,-1,0
157.2,53.5,1,0
163.8,46.9,1,0
170.3,75.8,1,1
175.2,49.1,1,0
162.7,73.6,-1,0
171.9,64.6,1,0
162.4,69.7,1,0
163.9,43.9,1,0
155.9,72.1,-1,0
160.8,69.1,1,0
156.5,56.2,1,0
160.2,44.9,1,0
180.5,116.9,-1,1
160.5,50.4,1,0
196.3,102.4,1,1
174.9,63.7,1,0
171.8,137.3,-1,1
161.4,71.4,1,0
177.0,71.5,1,1
164.2,81.3,-1,0
171.2,86.5,-1,1
195.6,104.7,-1,1
169.0,65.9,1,0
181.5,91.1,-1,1
163.0,67.9,1,0
169.7,67.2,1,0
187.7,76.8,1,1
163.7,43.5,1,0
188.1,95.1,1,1
177.1,89.8,-1,1
164.4,92.6,-1,1
176.3,83.3,1,1
179.7,81.4,-1,1
176.2,51.4,-1,0
154.3,59.0,1,0
162.7,71.9,1,0
167.5,49.1,1,0
169.3,85.7,-1,1
176.2,64.4,1,0
171.8,74.7,-1,1
156.6,73.8,-1,0
173.8,75.4,1,1
176.1,103.6,-1,1
175.6,93.3,-1,1
180.8,83.7,1,1
178.3,50.9,1,0
174.6,99.0,-1,1
169.3,55.7,1,0
153.4,67.3,-1,0
174.3,84.9,1,1
172.1,70.5,1,0
172.7,91.6,1,1
157.2,69.5,-1,0
159.2,68.3,1,0
180.5,47.3,1,0
169.6,76.9,-1,1
176.8,59.5,1,0
170.3,57.8,1,0
170.3,66.2,-1,0
179.4,108.7,-1,1
164.8,78.0,-1,0
171.0,80.6,-1,1
165.4,85.1,-1,1
165.7,58.3,1,0
166.9,40.4,1,0
172.2,47.5,1,0
165.2,76.1,-1,0
182.6,108.0,-1,1
161.1,82.9,-1,0
168.1,56.6,1,0
165.6,90.9,-1,1
184.5,121.7,-1,1
172.0,84.7,-1,1
180.3,110.3,1,1
155.1,69.2,-1,0
172.7,70.4,1,0
178.9,72.0,1,1
170.8,46.7,-1,0
180.7,72.9,1,1
164.8,64.1,1,0
184.1,85.4,1,1
193.0,96.2,1,1
166.4,48.4,1,0
165.5,85.4,-1,1
184.5,98.3,-1,1
185.8,94.0,-1,1
164.8,48.8,1,0
165.8,74.8,-1,0
167.2,70.3,1,0
156.6,64.6,1,0
160.8,88.7,1,0
160.0,61.2,1,0
162.3,68.7,1,0
169.7,52.7,-1,0
172.3,86.2,-1,1
185.5,95.4,-1,1
160.0,71.2,1,0
179.8,65.3,1,1
167.9,63.1,1,0
169.5,46.0,-1,0
176.7,65.1,1,1
158.8,77.5,-1,0
173.8,82.7,-1,1
171.7,80.9,-1,1
174.9,99.2,-1,1
172.9,84.7,-1,1
194.6,81.5,1,1
163.6,55.7,1,0
164.7,64.0,1,0
163.8,63.8,-1,0
164.4,79.0,-1,0
163.6,73.7,1,0
181.9,71.4,1,1
184.2,74.0,1,1
164.3,78.9,-1,0
161.7,77.3,-1,0
174.7,44.3,1,0
164.5,60.8,1,0
176.3,74.8,1,1
172.0,79.3,1,1
154.8,61.6,1,0
185.5,99.6,-1,1
188.0,78.0,1,1
163.9,54.2,1,0
166.1,86.1,-1,1
172.9,93.8,-1,1
173.3,86.9,-1,1
176.6,93.5,-1,1
190.1,74.7,1,1
168.2,66.4,1,0
162.0,83.3,-1,0
156.2,69.9,-1,0
162.7,67.1,1,0
169.7,67.6,1,0
187.9,115.2,-1,1
164.8,47.5,1,0
172.2,83.8,-1,1
169.8,71.0,1,0
181.9,57.8,1,1
195.3,138.0,-1,1
164.7,43.4,1,0
165.1,66.0,1,0
180.4,86.8,1,1
176.8,59.9,1,0
188.5,100.0,-1,1
175.8,77.8,1,1
166.4,89.8,-1,1
175.9,143.9,-1,1
181.1,88.6,-1,1
178.2,90.9,-1,1
175.1,63.3,1,0
180.7,80.9,1,1
181.7,75.1,1,1
183.8,100.3,-1,1
176.5,46.5,1,0
168.3,52.6,1,0
171.5,89.9,-1,1
182.1,92.0,-1,1
161.8,90.2,1,0
173.7,82.0,1,1
166.1,77.4,-1,0
170.3,71.5,1,0
182.8,79.6,1,1
171.9,95.4,-1,1
170.5,70.1,1,0
156.4,78.5,-1,0
177.5,76.7,-1,1
176.5,55.8,1,0
191.6,58.3,1,1
166.9,71.0,1,0
172.2,86.0,-1,1
172.5,67.0,-1,0
185.8,101.4,-1,1
169.0,73.2,1,0
172.8,81.0,-1,1
176.1,72.1,1,1
171.9,72.7,1,1
165.5,88.0,-1,1
171.9,69.2,1,0
180.7,76.3,1,1
159.7,44.7,1,0
171.3,87.3,-1,1
163.0,54.1,1,0
182.0,72.4,1,1
154.8,48.1,1,0
164.4,67.9,1,0
173.8,113.5,-1,1
185.7,88.3,1,1
169.3,60.6,1,0
164.4,60.2,1,0
188.8,58.4,1,1
155.5,44.1,-1,0
148.0,34.5,1,0
174.4,81.0,1,1
165.0,75.3,-1,0
159.8,61.2,1,0
177.1,80.7,1,1
172.4,65.1,1,0
164.4,48.9,1,0
157.2,44.7,1,0
178.7,56.9,1,0
176.5,84.6,-1,1
169.0,105.9,-1,1
188.5,71.8,1,1
159.3,62.0,1,0
154.7,59.2,1,0
163.1,62.0,1,0
169.5,73.3,-1,0
172.4,59.6,1,0
167.6,58.7,1,0
173.5,67.5,1,0
157.5,70.6,-1,0
184.4,111.2,-1,1
169.2,78.0,-1,1
181.2,77.1,1,1
173.4,94.7,-1,1
174.6,99.0,-1,1
175.7,76.2,1,1
174.5,73.4,1,1
176.4,65.2,1,1
183.3,95.5,-1,1
172.0,79.7,1,1
177.1,56.7,1,0
169.1,82.7,-1,1
184.4,115.4,-1,1
163.2,87.7,-1,0
188.0,72.9,1,1
169.6,64.2,1,0
155.7,91.8,-1,0
171.3,105.3,-1,1
163.2,74.0,-1,0
178.4,46.2,1,0
163.5,57.1,1,0
165.5,50.5,-1,0
151.1,81.9,-1,0
165.5,47.9,1,0
145.8,79.3,-1,0
154.2,61.5,1,0
177.6,56.2,1,0
177.9,93.1,-1,1
174.3,87.4,1,1
160.3,48.6,1,0
169.5,71.4,1,0
170.0,100.4,-1,1
158.4,60.3,1,0
185.0,120.1,-1,1
178.8,65.6,1,1
167.8,40.8,1,0
170.3,73.3,1,0
172.1,52.5,1,0
149.6,61.0,-1,0
167.5,74.5,1,0
163.2,58.4,1,0
160.0,96.7,-1,1
167.2,69.8,1,0
188.0,112.0,1,1
176.4,90.5,1,1
164.3,96.0,1,1
175.7,59.4,1,0
184.0,54.2,1,1
179.2,113.6,-1,1
170.6,82.9,-1,1
163.5,72.9,-1,0
177.0,71.1,1,1
173.9,74.5,1,1
179.0,91.8,-1,1
176.4,55.5,1,0
180.5,90.8,-1,1
164.6,84.5,-1,0
183.2,98.8,-1,1
172.0,77.1,1,1
190.8,96.4,1,1
163.1,87.0,-1,0
187.4,94.8,1,1
172.0,105.1,-1,1
163.5,42.8,1,0
165.2,87.1,-1,1
166.8,56.0,1,0
174.2,79.1,1,1
175.2,106.7,-1,1
164.3,51.2,1,0
169.8,108.6,-1,1
191.4,121.4,-1,1
187.3,105.1,-1,1
174.4,59.0,1,0
170.4,73.8,1,0
171.2,62.6,1,0
176.1,59.3,1,0
159.8,84.4,-1,0
167.4,63.3,1,0
153.3,56.3,1,0
174.0,78.0,1,1
176.5,73.9,1,1
165.2,81.0,-1,0
185.7,73.4,1,1
157.7,77.4,-1,0
155.4,51.7,1,0
172.2,73.7,1,1
180.5,55.9,1,0
186.8,109.7,-1,1
165.4,90.2,-1,1
180.8,95.7,-1,1
169.6,74.9,1,0
168.3,74.4,1,0
178.8,51.2,1,0
176.5,52.6,1,0
154.2,73.8,-1,0
184.8,76.5,1,1
183.8,56.9,1,1
163.7,44.4,1,0
174.0,91.7,-1,1
174.9,92.6,-1,1
172.6,47.7,1,0
164.5,74.2,1,0
163.3,72.9,-1,0
169.7,57.6,1,0
181.7,107.1,-1,1
175.4,70.6,1,1
166.3,44.2,1,0
177.7,80.0,-1,1
145.0,66.7,-1,0
181.5,70.6,-1,1
152.6,43.6,1,0
166.4,83.8,-1,1
158.8,70.7,-1,0
157.1,65.3,1,0
181.6,91.9,-1,1
165.3,61.1,1,0
173.5,64.4,1,0
169.5,84.4,-1,1
174.8,63.2,1,0
170.8,101.2,-1,1
157.2,83.7,-1,0
180.0,53.9,1,0
165.1,92.2,-1,1
154.4,65.4,-1,0
165.7,95.6,1,1
185.0,83.2,1,1
178.5,76.3,-1,1
166.5,64.6,1,0
166.5,48.5,1,0
166.8,85.0,-1,1
190.8,81.0,-1,1
173.8,88.4,-1,1
174.3,101.9,-1,1
180.3,70.0,-1,1
172.4,58.5,1,0
167.4,91.2,-1,1
168.0,66.9,1,0
169.3,98.6,-1,1
169.6,64.3,1,0
177.3,101.0,-1,1
170.5,71.7,1,0
177.3,80.1,1,1
169.2,88.4,-1,1
170.8,81.9,-1,1
150.0,74.1,-1,0
179.2,57.0,1,0
173.5,72.4,1,1
180.0,82.2,1,1
145.0,42.9,1,0
190.9,112.3,-1,1
168.6,62.3,1,0
181.1,67.0,-1,1
159.6,81.9,-1,0
176.1,53.4,1,0
159.5,52.2,1,0
163.8,79.2,-1,0
189.1,118.3,-1,1
168.1,69.1,1,0
172.2,43.0,1,0
178.7,97.7,-1,1
175.0,65.6,1,0
171.5,97.7,-1,1
173.6,64.0,1,0
194.0,125.6,-1,1
169.4,68.9,1,0
172.0,57.3,-1,0
180.5,47.2,1,0
181.1,69.0,1,1
181.9,91.2,-1,1
176.4,79.7,1,1
158.6,68.3,-1,0
186.3,112.7,-1,1
158.5,67.0,1,0
173.0,80.6,1,1
162.5,79.6,-1,0
169.4,75.7,1,0
173.3,58.4,1,0
173.2,65.6,1,0
174.2,48.6,1,0
186.1,61.9,1,1
174.5,53.3,1,0
167.6,76.1,-1,0
179.6,109.0,-1,1
181.9,69.0,-1,1
157.7,48.7,1,0
176.0,90.3,-1,1
177.0,69.9,1,1
167.0,78.2,-1,0
183.8,104.5,-1,1
168.5,54.7,-1,0
171.3,65.6,1,0
168.3,57.9,1,0
170.2,50.7,1,0
159.0,66.8,1,0
155.6,65.6,-1,0
185.9,93.3,1,1
161.5,86.5,-1,0
160.1,63.9,1,0
148.5,66.6,1,0
163.6,74.7,-1,0
156.8,49.7,1,0
186.4,116.2,-1,1
180.1,83.6,-1,1
163.1,86.1,-1,0
192.5,69.3,1,1
179.8,83.0,1,1
166.8,61.8,1,0
145.0,41.8,1,0
192.9,124.5,-1,1
156.1,60.1,1,0
153.5,38.0,1,0
180.2,76.4,1,1
194.4,115.8,-1,1
183.8,67.2,1,1
175.6,59.4,1,0
175.9,74.7,1,1
178.5,93.4,-1,1
177.6,69.8,1,1
172.8,81.7,-1,1
171.0,78.1,1,1
169.4,74.4,1,0
162.5,42.2,1,0
167.2,70.2,1,0
153.1,55.1,1,0
169.0,82.4,-1,1
160.1,50.2,1,0
159.0,57.5,1,0
171.8,83.2,-1,1
183.9,119.0,-1,1
179.2,59.6,1,1
154.3,66.8,-1,0
160.1,86.7,-1,0
179.4,98.7,-1,1
160.2,81.9,-1,0
167.8,61.2,1,0
175.5,99.9,-1,1
160.3,53.1,1,0
171.1,69.7,1,0
156.7,57.6,-1,0
164.0,59.8,1,0
173.2,52.5,1,0
154.1,38.0,1,0
174.4,97.5,1,1
169.8,50.5,1,0
175.5,81.7,1,1
172.2,46.6,1,0
183.6,72.2,1,1
171.3,85.4,1,1
165.7,67.2,1,0
171.2,71.1,1,0
175.4,98.1,-1,1
170.5,63.3,1,0
170.4,98.4,-1,1
163.0,53.3,1,0
163.4,47.7,1,0
156.0,58.8,1,0
187.5,93.2,1,1
157.6,53.0,1,0
163.1,62.1,1,0
162.8,84.0,-1,0
178.9,72.5,1,1
167.1,40.5,1,0
182.5,48.3,1,0
163.3,100.0,-1,1
172.8,100.6,1,1
161.6,58.5,1,0
191.5,115.0,-1,1
158.1,66.4,1,0
173.1,97.7,-1,1
176.3,57.8,1,0
174.1,56.8,1,0
168.1,93.1,-1,1
168.7,45.7,1,0
170.4,73.8,1,0
168.5,74.5,1,0
179.6,95.9,-1,1
192.1,89.8,1,1
164.4,61.4,1,0
156.3,59.2,1,0
169.1,54.4,1,0
195.8,86.3,-1,1
162.0,87.9,-1,0
186.4,86.1,1,1
186.8,121.9,-1,1
164.5,79.5,-1,0
175.7,86.0,-1,1
186.3,88.6,1,1
166.2,58.6,1,0
168.0,103.2,-1,1
164.2,80.2,-1,0
159.9,61.7,-1,0
163.5,94.1,-1,1
157.8,75.3,-1,0
170.3,47.8,1,0
162.3,59.1,1,0
172.3,87.2,-1,1
154.4,81.2,-1,0
173.3,117.6,-1,1
178.3,84.8,1,1
150.1,68.0,-1,0
173.7,68.9,1,0
182.3,65.4,1,1
157.9,39.9,1,0
186.7,95.3,-1,1
174.2,98.9,-1,1
162.9,74.8,-1,0
169.4,73.3,1,0
175.6,104.3,-1,1
170.8,120.1,-1,1
175.4,66.2,-1,1
160.8,41.4,1,0
171.7,84.2,1,1
155.9,72.9,-1,0
168.9,45.6,1,0
161.0,81.6,-1,0
162.6,60.8,1,0
182.4,94.8,-1,1
180.9,58.9,-1,1
176.1,59.3,1,0
159.1,46.5,1,0
166.8,84.9,-1,1
182.1,65.5,1,1
171.4,73.8,1,1
193.2,94.0,1,1
173.9,49.7,1,0
171.9,79.7,1,1
166.9,69.4,1,0
171.3,92.1,-1,1
168.5,92.2,-1,1
177.1,59.2,-1,0
179.6,92.3,-1,1
162.1,42.1,1,0
156.7,77.6,1,0
151.6,72.6,-1,0
175.1,49.0,1,0
159.0,61.8,1,0
148.5,39.9,1,0
173.9,64.9,1,0
194.9,77.0,1,1
169.9,71.4,-1,0
178.4,98.4,-1,1
170.8,67.5,1,0
169.0,58.8,1,0
179.2,71.6,1,1
167.1,61.4,1,0
172.7,73.0,1,1
173.2,59.2,1,0
163.3,72.5,-1,0
179.9,106.1,-1,1
168.3,45.0,1,0
162.4,73.1,-1,0
175.4,94.6,-1,1
161.0,58.1,1,0
170.3,94.3,-1,1
169.9,71.1,1,0
180.9,59.7,1,1
174.7,53.0,1,0
169.7,89.9,-1,1
178.2,92.6,-1,1
183.9,111.2,-1,1
175.6,94.1,-1,1
170.1,75.0,1,0
156.9,72.3,-1,0
159.3,60.8,1,0
166.9,64.1,1,0
163.9,54.3,1,0
168.1,45.2,1,0
170.6,59.8,1,0
175.3,76.5,1,1
169.3,50.2,1,0
174.9,67.0,1,0
170.6,88.9,-1,1
150.2,78.0,-1,0
160.6,56.3,1,0
168.6,65.7,1,0
157.9,55.3,1,0
176.0,71.7,1,1
185.3,109.4,-1,1
182.2,120.4,-1,1
167.9,49.3,1,0
184.9,74.0,1,1
171.5,47.1,1,0
166.6,68.9,1,0
163.9,55.2,1,0
167.0,71.5,1,0
166.1,84.1,-1,1
171.7,87.9,-1,1
171.6,51.5,1,0
170.0,67.5,1,0
174.4,48.6,1,0
181.9,122.2,-1,1
179.5,78.5,-1,1
155.2,40.4,1,0
145.0,48.9,1,0
179.3,79.6,1,1
156.3,71.9,-1,0
167.8,92.3,-1,1
158.3,63.6,1,0
152.0,56.6,1,0
175.4,89.6,-1,1
177.6,91.3,-1,1
164.2,69.4,1,0
145.0,62.8,-1,0
164.5,53.7,1,0
173.9,79.7,1,1
155.2,38.5,1,0
171.8,102.9,-1,1
169.8,63.6,1,0
175.8,107.8,1,1
171.2,61.7,1,0
160.3,72.7,-1,0
182.0,88.8,1,1
168.4,60.7,1,0
169.7,80.3,-1,1
160.7,80.4,-1,0
165.6,98.0,-1,1
161.2,76.5,-1,0
168.3,50.2,-1,0
187.1,63.3,1,1
156.3,81.4,-1,0
153.9,48.6,1,0
184.7,103.0,-1,1
167.9,77.0,-1,0
163.3,83.8,-1,0
180.4,86.4,1,1
163.9,62.7,1,0
188.3,127.1,-1,1
176.8,93.6,-1,1
165.1,81.3,-1,0
191.6,76.7,1,1
163.9,44.7,1,0
177.4,73.8,1,1
173.0,47.9,1,0
183.0,82.3,1,1
185.6,102.7,-1,1
170.3,89.6,-1,1
162.5,60.6,1,0
174.6,125.3,-1,1
163.2,91.0,-1,1
190.1,84.3,1,1
171.4,97.9,-1,1
166.3,55.4,1,0
171.8,78.3,1,1
156.5,56.0,1,0
160.3,49.4,1,0
182.0,93.4,1,1
163.4,62.7,1,0
159.5,68.5,1,0
175.4,81.0,1,1
181.9,69.8,1,1
177.2,113.1,-1,1
180.0,90.7,-1,1
162.4,61.7,1,0
155.8,45.2,1,0
185.0,114.4,-1,1
166.8,80.7,-1,0
167.5,70.2,1,0
183.3,63.1,1,1
175.6,107.7,-1,1
174.6,69.5,1,1
191.7,82.5,1,1
163.6,70.1,1,0
179.3,82.8,1,1
170.6,69.8,1,0
172.7,52.2,1,0
185.3,91.0,1,1
175.1,98.2,-1,1
175.4,55.8,1,0
180.7,107.3,-1,1
166.4,87.9,-1,1
161.6,72.6,-1,0
159.6,48.2,-1,0
150.3,60.3,1,0
190.6,104.0,-1,1
159.0,61.9,1,0
167.8,89.7,-1,1
167.2,63.9,1,0
173.1,70.0,1,0
178.2,66.7,1,1
178.6,71.1,-1,1
164.2,65.0,1,0
168.3,67.7,1,0
172.8,70.5,1,0
167.5,89.9,-1,1
186.1,123.0,-1,1
174.9,57.5,1,0
177.3,111.3,-1,1
176.6,90.6,-1,1
181.7,64.9,1,1
171.8,72.4,1,0
157.0,62.2,1,0
174.0,48.4,1,0
163.5,65.4,1,0
164.7,80.5,-1,0
175.9,68.1,-1,1
182.4,53.6,1,1
170.2,71.5,1,0
173.1,119.1,-1,1
187.0,72.5,1,1
172.4,57.6,1,0
196.0,91.4,1,1
175.7,106.2,-1,1
152.4,37.2,1,0
177.5,88.6,-1,1
173.8,67.0,1,0
182.9,70.9,1,1
176.7,59.2,1,0
168.6,62.6,1,0
157.8,43.8,1,0
167.9,61.3,1,0
161.5,41.7,1,0
164.2,43.1,1,0
175.9,83.6,-1,1
186.7,108.3,1,1
173.9,138.8,-1,1
158.0,76.3,-1,0
174.4,66.7,1,0
182.0,53.0,1,0
163.9,75.9,-1,0
168.7,50.6,-1,0
170.1,58.4,1,0
162.2,75.8,-1,0
176.5,78.7,1,1
168.8,59.6,1,0
174.2,48.6,1,0
161.1,64.3,1,0
165.6,74.1,-1,0
177.2,106.9,-1,1
166.3,48.4,1,0
187.3,90.2,1,1
166.0,84.1,-1,1
172.2,66.7,1,0
179.3,51.5,1,0
155.8,47.2,1,0
152.4,55.1,1,0
154.7,52.9,1,0
182.6,89.5,1,1
164.5,84.3,-1,0
195.6,80.7,1,1
164.4,83.3,-1,0
171.8,71.8,1,0
185.4,92.9,-1,1
190.1,93.2,1,1
190.6,104.2,-1,1
182.1,93.6,-1,1
180.2,93.7,-1,1
175.9,82.1,1,1
177.8,45.8,1,0
164.5,77.3,1,0
161.8,41.9,1,0
170.0,61.7,-1,0
168.3,49.6,-1,0
165.5,92.2,-1,1
177.0,90.8,-1,1
179.6,74.3,1,1
170.9,97.9,-1,1
184.8,96.3,-1,1
158.6,64.8,1,0
168.1,81.5,1,1
162.8,64.2,1,0
151.3,40.2,1,0
169.2,88.0,-1,1
168.8,70.0,1,0
185.1,60.0,1,1
176.3,91.8,-1,1
159.8,64.4,1,0
188.5,125.1,-1,1
182.2,93.3,-1,1
175.8,55.4,1,0
167.7,49.2,1,0
160.4,83.8,-1,0
166.3,72.2,1,0
180.9,59.9,1,1
188.8,79.1,1,1
185.4,112.7,-1,1
165.1,71.8,-1,0
158.8,83.4,-1,0
171.4,77.8,1,1
152.3,49.8,1,0
173.2,111.7,-1,1
168.5,64.3,1,0
165.3,77.4,-1,0
154.1,74.8,-1,0
175.1,76.8,1,1
164.7,49.7,1,0
158.3,52.5,1,0
145.0,61.1,-1,0
169.7,85.6,-1,1
187.7,115.6,-1,1
186.6,110.9,-1,1
165.4,48.7,-1,0
164.0,94.5,-1,1
174.7,57.5,1,0
160.0,77.0,-1,0
173.0,122.8,-1,1
177.7,84.8,1,1
182.3,53.2,1,0
169.0,65.8,1,0
168.0,111.6,-1,1
161.2,57.9,1,0
161.7,90.1,-1,0
167.7,54.2,1,0
173.7,69.0,1,0
179.1,76.1,1,1
162.0,92.4,-1,1
184.9,79.2,1,1
167.3,49.0,1,0
169.8,113.3,-1,1
162.5,69.6,1,0
145.8,64.6,-1,0
178.8,46.4,1,0
177.4,88.2,1,1
167.2,70.2,1,0
170.7,55.9,1,0
175.2,84.4,-1,1
154.4,38.1,1,0
164.7,52.0,1,0
177.9,106.9,-1,1
157.5,51.2,1,0
172.9,70.4,-1,0
156.4,58.8,1,0
174.7,74.0,1,1
169.6,88.2,-1,1
153.8,61.7,1,0
181.6,52.8,1,0
162.7,54.5,1,0
161.9,56.2,1,0
172.0,70.2,1,0
181.5,89.5,1,1
159.8,68.6,1,0
170.6,46.6,-1,0
174.3,94.6,-1,1
176.9,76.6,1,1
171.8,53.9,1,0
166.3,80.8,-1,0
161.7,45.8,1,0
170.9,46.7,1,0
159.3,95.8,-1,1
145.0,57.6,-1,0
174.4,62.6,1,0
179.0,82.2,-1,1
146.4,54.4,1,0
159.9,64.5,1,0
176.2,86.7,-1,1
190.6,91.9,1,1
170.2,78.6,-1,1
162.7,63.7,1,0
168.2,61.0,1,0
183.7,67.1,1,1
163.5,88.0,1,0
162.0,75.8,1,0
165.2,81.1,-1,0
160.5,68.3,1,0
171.2,81.7,-1,1
186.2,88.2,1,1
173.2,95.9,1,1
167.5,64.3,1,0
167.1,53.3,1,0
154.4,67.0,-1,0
178.8,77.0,1,1
169.2,71.6,1,0
168.2,87.0,-1,1
200.0,92.1,1,1
173.0,75.4,1,1
162.5,65.0,1,0
165.7,85.8,-1,1
181.5,87.6,1,1
171.1,76.0,1,1
155.6,47.4,1,0
179.2,99.2,-1,1
163.3,77.5,-1,0
188.7,76.5,1,1
180.8,119.4,-1,1
165.5,69.9,1,0
182.8,71.0,1,1
170.7,72.8,-1,0
178.5,77.4,1,1
174.8,100.2,-1,1
161.5,83.8,-1,0
163.6,70.2,1,0
180.3,114.8,-1,1
166.7,56.3,1,0
166.0,81.7,-1,0
160.4,69.0,1,0
174.2,76.3,1,1
190.6,91.4,1,1
159.3,81.3,-1,0
170.2,87.2,-1,1
184.1,60.9,-1,1
169.2,102.8,1,1
174.5,92.5,-1,1
159.4,55.4,1,0
174.3,66.1,1,0
168.1,89.5,-1,1
179.9,95.4,-1,1
181.9,96.9,-1,1
195.9,103.3,1,1
175.8,99.8,-1,1
173.3,86.0,-1,1
171.9,60.0,1,0
166.5,63.6,-1,0
173.4,81.6,-1,1
167.0,112.3,-1,1
171.7,71.0,1,0
183.2,96.2,-1,1
159.9,73.8,-1,0
181.4,74.0,1,1
183.2,99.9,-1,1
168.8,71.5,1,0
148.8,71.9,-1,0
163.9,51.9,1,0
183.0,135.2,-1,1
169.8,66.7,1,0
160.0,72.0,-1,0
165.0,68.1,1,0
178.4,63.7,1,1
175.5,97.0,-1,1
167.6,61.6,1,0
166.3,82.0,-1,0
166.1,55.6,1,0
160.8,64.5,1,0
186.2,85.7,1,1
166.8,82.9,-1,1
182.2,89.1,1,1
185.2,77.0,1,1
180.0,78.7,1,1
165.7,77.9,1,0
174.0,79.3,1,1
169.8,74.3,1,0
161.0,91.5,-1,0
173.2,85.0,-1,1
158.2,91.5,-1,0
181.9,81.3,1,1
165.4,67.6,1,0
172.0,65.0,1,0
172.8,84.6,1,1
167.4,68.8,1,0
175.9,64.0,1,0
165.3,39.6,1,0
178.7,112.7,-1,1
156.5,52.0,-1,0
171.3,99.3,-1,1
189.4,87.6,1,1
160.0,77.7,-1,0
163.2,67.8,1,0
175.1,88.9,-1,1
171.8,55.9,1,0
173.5,101.1,-1,1
174.9,69.7,1,1
176.3,99.7,-1,1
181.1,58.2,1,1
174.1,66.6,1,0
167.6,80.7,-1,1
176.7,75.0,1,1
189.0,104.5,-1,1
168.7,70.4,1,0
160.3,92.4,1,0
181.1,92.6,-1,1
168.8,68.1,1,0
148.3,49.8,1,0
178.5,107.4,-1,1
164.6,43.4,1,0
169.1,85.4,-1,1
173.3,55.0,1,0
171.9,93.5,-1,1
177.1,65.6,1,1
165.6,81.4,-1,0
175.1,82.0,1,1
167.4,46.7,1,0
177.4,86.0,-1,1
176.2,64.2,1,0
160.6,80.8,-1,0
180.9,62.1,1,1
164.6,67.6,1,0
178.1,84.8,1,1
173.7,69.0,1,0
188.4,112.8,-1,1
167.8,66.7,1,0
166.5,62.3,1,0
169.8,72.9,1,0
167.0,49.5,-1,0
178.0,125.8,-1,1
153.8,43.7,1,0
159.5,72.0,1,0
159.3,64.4,1,0
179.5,98.5,-1,1
187.1,91.3,1,1
169.0,64.7,1,0
168.3,45.3,1,0
170.7,46.6,-1,0
181.6,82.7,1,1
160.7,81.9,-1,0
172.4,52.0,1,0
179.8,121.5,-1,1
175.0,96.5,-1,1
171.9,50.0,1,0
180.0,64.8,1,1
145.0,40.1,1,0
176.8,83.7,1,1
163.5,69.9,-1,0
151.7,59.7,1,0
175.1,67.4,1,1
183.7,88.0,1,1
168.6,81.1,-1,1
179.5,78.1,1,1
186.1,78.0,1,1
183.1,108.9,-1,1
186.4,87.5,1,1
177.4,89.1,-1,1
170.8,71.1,1,0
154.0,74.7,-1,0
167.5,95.2,-1,1
161.6,87.9,-1,0
191.7,85.2,-1,1
168.2,65.5,1,0
171.2,88.7,1,1
175.5,71.2,1,1
170.4,72.0,1,0
187.0,72.8,1,1
163.8,93.8,-1,1
171.9,96.8,-1,1
162.6,68.2,1,0
156.8,55.6,1,0
163.9,56.0,1,0
169.6,78.6,-1,1
165.7,70.9,1,0
163.1,48.7,1,0
155.9,46.3,1,0
169.2,72.9,-1,0
155.0,72.5,-1,0
177.6,85.0,1,1
170.8,64.2,1,0
155.4,47.6,1,0
166.9,59.0,1,0
162.5,83.9,-1,0
173.2,52.4,1,0
183.4,119.9,-1,1
151.2,54.9,1,0
171.2,51.3,1,0
168.4,83.7,-1,1
176.7,86.5,-1,1
172.1,70.7,1,0
162.5,80.9,-1,0
166.8,59.2,1,0
162.0,71.7,-1,0
180.8,81.0,1,1
170.2,63.2,1,0
189.0,118.1,-1,1
169.4,84.4,-1,1
162.9,52.7,1,0
154.9,65.4,-1,0
152.0,80.5,-1,0
154.2,78.9,-1,0
172.7,53.8,1,0
175.1,110.6,-1,1
154.2,69.1,-1,0
179.0,59.9,1,1
165.2,75.7,-1,0
171.5,86.3,-1,1
186.1,69.4,-1,1
179.0,88.8,-1,1
167.3,110.8,-1,1
161.1,82.2,-1,0
148.5,57.3,1,0
162.8,57.8,1,0
167.9,76.0,1,0
160.1,52.9,1,0
168.7,67.3,1,0
170.8,42.3,1,0
167.8,81.9,-1,1
163.5,65.4,1,0
171.7,89.0,-1,1
174.4,82.8,-1,1
159.1,44.1,1,0
184.1,88.8,1,1
169.0,59.2,1,0
170.2,96.8,-1,1
177.1,62.5,1,0
172.3,61.4,1,0
179.5,65.8,1,1
172.9,50.5,1,0
163.9,71.7,1,0
173.6,52.8,1,0
158.6,60.0,1,0
171.1,85.1,-1,1
169.7,64.7,1,0
167.9,49.3,1,0
168.7,98.2,-1,1
151.2,60.8,1,0
164.5,68.1,1,0
170.9,69.0,-1,0
171.6,87.9,-1,1
159.7,82.0,-1,0
182.7,109.2,-1,1
161.3,69.3,1,0
179.7,49.2,1,0
174.3,78.8,1,1
163.5,75.2,-1,0
187.8,76.5,1,1
158.1,50.4,1,0
179.2,90.7,-1,1
180.0,79.5,1,1
163.3,60.4,1,0
183.9,123.6,-1,1
167.5,77.2,-1,0
172.9,87.0,-1,1
172.6,96.3,-1,1
168.7,72.5,-1,0
178.1,65.9,1,1
177.9,76.5,1,1
152.5,71.9,-1,0
183.0,96.3,-1,1
153.4,68.6,-1,0
180.3,59.1,1,1
181.3,103.1,-1,1
159.1,58.5,1,0
165.9,82.8,-1,0
158.9,50.6,1,0
167.9,103.7,-1,1
166.9,73.8,1,0
177.8,75.9,1,1
183.1,96.8,-1,1
184.0,102.0,1,1
164.4,81.9,-1,0
167.9,49.4,1,0
153.2,71.2,-1,0
161.9,64.1,1,0
179.6,80.4,-1,1
186.2,55.4,1,1
157.7,58.9,1,0
164.1,63.7,1,0
169.7,75.5,1,0
172.8,65.2,1,0
161.9,38.0,1,0
174.2,80.3,1,1
165.3,68.3,1,0
169.9,63.8,1,0
175.5,78.6,1,1
170.1,46.3,1,0
165.6,82.9,-1,0
168.9,68.2,1,0
169.1,62.6,1,0
166.3,84.9,-1,1
167.4,65.3,1,0
186.0,97.0,-1,1
175.6,70.1,1,1
167.0,119.4,-1,1
177.0,92.2,-1,1
166.7,46.3,1,0
181.7,122.2,-1,1
173.7,98.8,-1,1
168.9,76.4,-1,0
174.5,72.7,1,1
154.3,37.0,1,0
158.7,69.5,-1,0
158.1,56.1,1,0
171.4,53.5,1,0
187.3,98.8,1,1
192.3,132.3,-1,1
176.4,68.9,1,1
175.0,91.4,-1,1
152.0,60.7,1,0
164.6,73.5,1,0
162.1,56.7,1,0
163.8,67.7,1,0
168.3,47.9,1,0
165.3,44.2,1,0
150.2,66.8,-1,0
177.5,73.6,1,1
159.3,45.7,1,0
172.4,52.7,1,0
190.7,63.7,1,1
160.8,45.3,1,0
145.0,54.0,1,0
167.1,44.7,1,0
181.0,91.2,-1,1
189.6,105.3,-1,1
157.7,57.0,1,0
175.0,73.3,1,1
165.3,59.6,1,0
168.9,70.9,1,0
196.4,101.4,1,1
155.0,82.4,-1,0
172.5,106.3,-1,1
174.7,108.4,-1,1
180.9,71.0,1,1
171.0,86.4,-1,1
173.1,79.5,1,1
166.1,58.2,1,0
172.7,58.7,-1,0
166.6,63.1,1,0
176.2,62.5,1,0
166.3,41.9,1,0
173.8,84.5,1,1
169.7,76.9,1,1
181.3,77.8,1,1
169.5,87.8,1,1
152.3,55.2,1,0
182.6,100.0,-1,1
160.9,53.3,1,0
163.5,58.9,1,0
164.0,63.5,1,0
183.7,122.3,-1,1
148.6,72.3,-1,0
200.0,126.4,-1,1
180.6,49.8,1,0
172.2,76.7,1,1
169.5,81.6,-1,1
172.9,112.1,-1,1
175.2,49.1,1,0
176.5,91.5,-1,1
175.6,96.7,-1,1
170.9,85.3,-1,1
168.0,47.7,1,0
168.5,75.3,1,0
168.1,77.9,-1,0
181.3,90.6,-1,1
175.9,64.7,-1,0
145.0,42.4,1,0
176.6,81.8,-1,1
171.9,57.5,1,0
169.8,56.5,1,0
166.1,70.8,1,0
181.2,80.3,1,1
179.5,105.4,1,1
162.3,50.9,1,0
174.1,56.8,1,0
160.3,54.5,1,0
156.2,42.7,1,0
163.7,80.5,-1,0
178.6,55.8,1,0
179.5,94.3,-1,1
175.1,92.5,-1,1
177.3,83.4,-1,1
175.2,49.1,1,0
163.6,72.6,-1,0
174.3,66.0,1,0
178.0,61.1,1,0
177.5,89.8,-1,1
181.9,97.9,-1,1
177.1,107.3,-1,1
173.5,65.6,1,0
180.7,80.1,-1,1
169.7,105.1,-1,1
161.2,101.5,-1,1
168.4,89.2,-1,1
162.6,64.5,1,0
163.2,66.7,1,0
168.6,68.0,1,0
162.1,72.9,-1,0
166.9,56.0,1,0
151.1,64.9,-1,0
172.1,84.3,-1,1
170.0,83.3,-1,1
161.8,53.3,-1,0
176.6,82.6,1,1
179.4,109.8,-1,1
153.9,56.3,1,0
162.4,70.0,1,0
162.3,46.1,1,0
160.6,72.3,-1,0
178.3,78.8,1,1
168.1,76.8,-1,0
167.4,86.5,-1,1
150.0,55.8,1,0
176.4,99.7,-1,1
157.6,45.2,1,0
170.6,102.3,-1,1
172.8,78.4,1,1
183.6,87.9,1,1
156.9,40.4,-1,0
145.0,38.6,1,0
171.8,80.0,-1,1
188.0,73.2,1,1
182.4,98.0,-1,1
172.1,79.2,1,1
165.1,44.8,1,0
178.1,93.8,-1,1
160.3,61.7,1,0
174.8,80.1,-1,1
175.1,100.4,-1,1
180.6,59.1,1,1
197.6,71.3,1,1
173.9,81.5,1,1
164.9,47.6,1,0
169.7,61.5,1,0
152.3,68.1,-1,0
163.1,68.7,1,0
165.9,50.2,1,0
164.8,66.9,1,0
171.5,66.4,1,0
161.8,58.3,1,0
181.2,147.8,-1,1
170.0,82.2,-1,1
169.9,67.3,1,0
166.7,84.5,-1,1
171.6,68.4,1,0
178.3,69.6,1,1
161.3,73.6,-1,0
163.4,74.9,-1,0
167.0,81.0,-1,0
156.5,82.2,-1,0
161.8,84.1,-1,0
165.2,86.4,-1,1
178.7,103.1,-1,1
172.6,91.2,1,1
171.9,90.9,-1,1
178.5,55.8,1,0
168.6,79.6,-1,1
173.9,100.6,-1,1
169.0,57.6,1,0
172.7,72.0,1,1
164.2,70.5,1,0
145.6,55.4,1,0
168.7,61.6,1,0
184.2,86.0,1,1
179.3,90.2,-1,1
179.7,51.6,1,0
182.4,89.6,1,1
170.9,66.3,1,0
172.0,51.8,1,0
163.8,80.2,-1,0
166.8,74.8,1,0
176.2,85.3,-1,1
182.0,95.0,-1,1
168.6,80.8,-1,1
165.5,56.3,1,0
170.0,89.1,1,1
176.0,89.4,-1,1
155.6,44.7,1,0
147.0,65.5,-1,0
164.5,59.0,1,0
157.8,71.4,-1,0
164.9,70.5,-1,0
168.5,68.1,1,0
165.5,77.3,1,0
184.5,73.2,-1,1
173.3,99.0,-1,1
173.0,92.7,-1,1
176.2,67.4,1,1
158.6,56.6,1,0
180.4,78.9,-1,1
169.2,73.8,1,0
176.7,107.3,-1,1
159.3,40.6,1,0
154.5,39.3,1,0
178.2,77.8,1,1
173.8,78.9,1,1
161.0,54.0,1,0
161.3,67.9,1,0
181.3,72.5,1,1
158.1,55.8,1,0
186.4,113.4,-1,1
161.0,63.3,1,0
176.4,71.0,-1,1
166.7,71.7,1,0
176.0,102.4,-1,1
164.6,62.9,1,0
168.4,61.4,1,0
170.4,87.0,-1,1
160.0,80.3,-1,0
177.4,100.3,-1,1
164.9,67.4,1,0
167.7,82.6,-1,1
160.1,80.0,-1,0
145.0,54.9,1,0
168.1,93.0,-1,1
194.1,114.6,-1,1
177.8,114.8,-1,1
169.8,83.6,-1,1
167.4,40.6,1,0
170.2,61.2,1,0
175.5,44.6,1,0
158.2,56.7,1,0
181.1,79.6,1,1
177.2,94.8,-1,1
177.2,70.2,1,1
174.4,96.9,-1,1
170.2,65.1,1,0
176.7,72.7,1,1
175.9,54.3,1,0
166.5,93.3,-1,1
164.3,93.0,1,1
171.0,75.2,1,1
185.5,50.3,1,1
157.6,59.0,1,0
155.3,63.7,1,0
171.6,66.9,1,0
170.5,113.7,-1,1
171.7,110.5,-1,1
172.4,52.0,1,0
167.8,55.1,1,0
184.9,100.0,-1,1
154.0,44.0,1,0
161.7,68.2,1,0
169.0,67.3,1,0
153.6,61.9,1,0
168.2,92.3,-1,1
186.6,119.6,-1,1
170.2,83.7,-1,1
172.3,57.1,-1,0
157.4,67.8,-1,0
163.8,53.7,1,0
166.2,98.0,-1,1
166.8,85.3,1,1
182.8,91.6,-1,1
175.6,89.1,1,1
158.9,58.7,1,0
172.5,101.2,-1,1
175.0,61.5,1,0
181.4,106.2,-1,1
185.8,119.3,-1,1
159.8,55.2,1,0
161.9,70.8,-1,0
157.4,68.1,-1,0
167.7,52.2,1,0
174.7,51.2,1,0
179.9,63.1,1,1
169.2,70.7,1,0
166.8,80.7,-1,0
171.5,67.0,1,0
161.6,99.5,-1,1
190.9,113.5,1,1
153.9,65.7,-1,0
171.8,66.2,1,0
190.2,92.0,1,1
170.1,95.8,-1,1
168.1,86.2,-1,1
166.4,84.4,-1,1
168.2,61.3,1,0
183.7,78.9,1,1
147.9,35.9,1,0
185.3,96.8,-1,1
155.8,35.2,1,0
167.3,69.7,1,0
165.7,61.7,1,0
175.9,81.5,1,1
154.0,79.5,-1,0
174.6,101.0,-1,1
190.2,100.3,-1,1
156.4,53.6,1,0
171.9,73.5,1,1
163.4,48.7,-1,0
174.3,68.6,1,1
170.2,80.8,-1,1
163.6,47.2,-1,0
174.9,63.5,1,0
188.0,65.7,1,1
168.1,86.0,-1,1
177.2,76.4,1,1
157.1,39.5,1,0
160.4,93.4,-1,0
174.7,99.5,-1,1
184.8,54.7,1,1
173.6,88.6,-1,1
166.9,90.9,-1,1
170.0,73.3,1,0
157.5,68.0,-1,0
176.0,66.9,1,1
178.8,89.9,1,1
165.5,81.3,-1,0
165.3,44.7,1,0
172.7,57.4,1,0
165.6,70.3,1,0
169.3,81.3,-1,1
191.0,100.1,-1,1
167.5,66.9,-1,0
166.4,58.7,1,0
163.5,82.7,-1,0
177.4,60.4,1,0
168.2,62.4,1,0
163.5,71.1,1,0
183.2,93.7,-1,1
184.2,73.8,-1,1
164.0,83.4,-1,0
151.3,74.4,-1,0
180.1,73.8,1,1
163.2,68.8,1,0
177.9,79.1,-1,1
150.3,48.5,1,0
178.9,46.4,-1,0
157.9,67.6,-1,0
177.3,92.1,-1,1
170.1,95.6,-1,1
160.5,59.2,1,0
165.9,57.8,1,0
176.9,61.0,1,0
171.1,51.2,1,0
175.8,74.4,1,1
189.8,149.8,-1,1
154.4,81.3,-1,0
186.2,66.0,1,1
171.0,64.1,1,0
161.0,56.7,1,0
156.7,85.7,-1,0
168.1,104.1,-1,1
179.2,86.8,-1,1
168.7,79.9,1,1
185.1,96.4,-1,1
155.5,63.8,1,0
169.9,81.4,-1,1
157.5,66.4,1,0
173.6,84.0,-1,1
178.9,46.4,1,0
165.8,60.8,1,0
145.0,37.6,1,0
172.0,90.6,-1,1
174.4,66.2,1,0
174.0,53.0,1,0
182.4,48.2,1,0
159.3,74.1,-1,0
176.8,56.0,1,0
181.9,85.0,1,1
152.2,79.9,-1,0
173.2,77.2,1,1
165.0,59.7,1,0
169.2,51.4,1,0
173.5,83.1,-1,1
165.1,70.1,1,0
163.2,79.9,-1,0
170.3,42.1,-1,0
159.1,84.4,-1,0
159.1,44.3,1,0
176.8,64.4,1,1
158.5,87.5,-1,0
176.7,49.9,1,0
174.6,70.1,1,1
152.7,54.5,1,0
163.2,66.1,1,0
181.9,84.9,1,1
160.2,68.2,1,0
165.4,50.5,1,0
174.6,78.0,1,1
177.8,78.7,1,1
167.5,73.3,1,0
164.0,100.9,-1,1
184.2,117.2,1,1
187.4,131.5,-1,1
179.8,87.5,-1,1
170.9,108.6,-1,1
161.9,52.1,1,0
161.7,59.7,1,0
175.2,70.7,1,1
174.2,71.4,1,1
184.0,90.6,1,1
176.5,86.4,-1,1
155.0,66.2,-1,0
180.5,115.6,-1,1
160.0,44.8,1,0
166.2,49.1,1,0
172.5,43.1,1,0
190.0,77.4,1,1
200.0,89.3,1,1
176.1,64.5,1,0
168.2,55.6,1,0
175.3,78.5,1,1
178.9,67.8,1,1
166.8,59.0,1,0
188.0,86.2,1,1
172.3,64.0,1,0
175.0,102.4,-1,1
176.7,75.0,1,1
174.2,74.1,1,1
178.4,84.6,1,1
163.8,47.0,1,0
164.4,87.3,-1,1
159.0,75.1,-1,0
174.4,61.6,1,0
177.8,62.3,1,1
174.6,57.7,-1,0
186.7,62.9,1,1
169.9,46.2,1,0
176.7,55.7,1,0
159.1,40.5,1,0
166.1,67.1,1,0
177.0,75.7,1,1
178.5,104.1,-1,1
167.1,86.3,-1,1
169.3,59.0,1,0
154.8,56.4,1,0
166.4,83.4,-1,1
178.9,71.4,1,1
175.8,80.4,1,1
175.0,60.8,1,0
170.5,69.0,1,0
170.1,73.8,1,0
163.4,65.2,1,0
177.0,98.3,-1,1
174.2,60.1,1,0
174.9,78.6,1,1
164.7,96.9,-1,1
148.5,59.2,1,0
181.0,66.2,1,1
165.2,73.9,-1,0
161.4,107.0,-1,1
176.9,83.7,1,1
166.1,82.1,-1,0
180.6,81.6,1,1
176.2,82.7,1,1
176.8,81.4,1,1
156.3,49.8,1,0
182.1,90.4,-1,1
172.6,52.6,1,0
166.3,68.1,1,0
171.4,107.2,-1,1
152.2,60.4,1,0
174.1,63.5,1,0
159.7,71.3,-1,0
156.5,53.1,1,0
154.8,57.9,1,0
181.1,63.8,1,1
163.7,83.6,-1,0
185.3,88.4,1,1
164.6,47.4,1,0
152.9,67.0,-1,0
158.8,92.4,-1,0
182.4,72.2,1,1
168.4,88.1,-1,1
164.5,74.5,-1,0
171.6,76.3,1,1
175.0,93.1,-1,1
181.2,71.7,1,1
184.5,88.2,1,1
166.4,66.7,1,0
156.7,52.5,1,0
165.9,80.5,-1,0
172.6,68.0,1,0
160.4,92.5,-1,0
160.4,60.4,1,0
173.4,51.4,1,0
169.5,95.5,-1,1
170.3,59.6,1,0
162.4,50.7,1,0
167.7,76.8,-1,0
160.8,89.1,1,0
178.9,94.2,-1,1
180.4,75.0,1,1
151.5,59.2,1,0
160.7,60.1,1,0
155.0,87.6,-1,0
163.5,63.8,1,0
169.2,77.5,-1,0
155.5,62.9,1,0
160.8,46.6,1,0
160.0,64.8,1,0
172.1,70.9,1,0
170.7,92.5,-1,1
162.8,73.3,-1,0
171.8,67.1,1,0
164.5,65.3,1,0
167.3,68.8,1,0
186.7,91.6,1,1
183.4,107.9,-1,1
157.0,79.8,-1,0
178.3,60.6,1,0
178.1,99.6,-1,1
158.5,77.9,-1,0
178.2,83.1,1,1
185.4,60.7,1,1
158.8,62.5,1,0
160.8,63.0,1,0
180.2,92.0,-1,1
172.7,86.1,-1,1
175.5,96.8,-1,1
173.4,56.0,1,0
173.9,118.9,-1,1
156.7,70.9,-1,0
180.5,95.4,-1,1
181.7,120.5,-1,1
167.7,79.9,-1,0
169.6,94.0,-1,1
154.7,62.3,1,0
175.1,87.6,-1,1
175.7,98.7,-1,1
169.4,85.6,-1,1
181.2,52.6,1,0
166.7,66.7,-1,0
175.6,98.8,-1,1
159.8,71.5,-1,0
169.8,71.2,1,0
168.3,75.2,1,0
172.3,54.5,1,0
166.3,86.3,-1,1
168.7,73.2,1,0
178.3,85.8,-1,1
165.6,65.6,1,0
153.9,59.0,1,0
187.5,87.4,1,1
183.8,72.8,-1,1
157.1,91.9,-1,0
176.9,50.1,1,0
165.0,47.6,1,0
172.6,88.5,-1,1
172.9,52.9,1,0
167.7,45.0,-1,0
162.2,81.7,-1,0
163.1,82.6,1,0
160.8,44.4,1,0
161.7,37.9,1,0
169.3,50.7,1,0
162.8,55.2,1,0
176.8,118.8,-1,1
184.9,71.5,1,1
164.2,84.9,-1,0
172.4,87.2,1,1
175.0,105.5,-1,1
174.7,64.9,-1,0
170.8,68.3,1,0
177.4,74.6,1,1
174.8,81.7,1,1
157.6,80.2,-1,0
178.7,116.8,-1,1
178.9,72.5,1,1
162.4,72.1,-1,0
170.4,87.7,-1,1
176.8,89.7,-1,1
167.9,103.7,-1,1
180.7,84.4,1,1
193.6,90.4,1,1
162.1,91.4,-1,1
156.2,65.4,-1,0
173.0,84.6,-1,1
177.2,77.1,1,1
167.7,81.7,-1,1
184.5,67.5,1,1
156.6,54.6,1,0
176.9,54.8,1,0
163.9,57.1,1,0
187.2,107.2,-1,1
189.9,96.6,1,1
162.3,55.2,1,0
164.5,90.9,-1,1
178.6,77.6,1,1
166.1,97.0,-1,1
169.5,82.3,1,1
170.3,71.4,-1,0
150.8,85.3,-1,0
169.9,70.0,1,0
163.1,49.0,1,0
165.1,94.3,-1,1
184.4,97.4,-1,1
157.4,86.4,-1,0
178.1,100.9,-1,1
167.2,101.7,-1,1
167.2,57.1,1,0
177.9,70.8,1,1
173.4,76.1,1,1
175.7,78.4,-1,1
179.7,56.5,1,0
166.7,68.0,1,0
163.9,75.9,-1,0
159.1,56.8,1,0
161.7,55.0,1,0
199.5,96.2,1,1
182.4,98.9,-1,1
156.5,45.4,1,0
156.8,95.9,-1,0
174.8,48.0,1,0
175.5,71.1,1,1
175.5,97.9,-1,1
167.5,90.6,-1,1
168.7,86.2,-1,1
173.3,62.7,1,0
170.9,59.9,1,0
147.8,43.4,1,0
167.7,64.9,1,0
161.5,71.2,-1,0
171.8,62.9,1,0
199.9,63.9,1,1
173.7,96.6,-1,1
166.9,66.6,1,0
179.2,94.7,-1,1
174.8,70.7,-1,1
174.2,81.2,1,1
176.1,125.4,-1,1
190.6,60.4,1,1
158.7,47.4,1,0
174.7,64.4,1,0
160.7,97.2,1,1
175.6,81.3,1,1
160.8,82.3,-1,0
165.8,44.0,1,0
167.0,71.8,1,0
179.8,78.6,1,1
179.2,102.2,-1,1
157.5,71.9,-1,0
170.5,61.0,1,0
162.9,87.5,-1,0
157.4,83.1,-1,0
167.8,95.9,-1,1
166.9,78.2,-1,0
194.3,93.7,1,1
174.3,84.8,-1,1
156.2,58.6,1,0
164.4,71.1,1,0
180.2,74.5,1,1
190.9,92.8,1,1
154.1,86.4,-1,0
151.2,61.4,1,0
188.7,74.5,1,1
173.9,60.2,1,0
161.3,63.5,1,0
175.3,95.2,-1,1
145.0,57.4,-1,0
170.0,75.7,1,0
173.3,82.7,-1,1
179.2,92.7,-1,1
159.9,74.7,-1,0
170.9,85.8,-1,1
160.7,67.1,1,0
172.6,72.0,1,1
161.0,64.9,1,0
165.9,73.9,1,0
160.0,81.3,-1,0
176.5,66.9,1,1
178.6,71.8,1,1
167.7,56.6,1,0
170.4,46.5,-1,0
155.5,46.1,1,0
167.0,52.9,1,0
169.5,60.3,1,0
196.2,101.1,1,1
158.9,46.9,1,0
184.6,80.5,1,1
180.0,92.4,-1,1
172.8,55.3,1,0
187.6,82.9,1,1
173.7,56.1,1,0
173.9,58.3,-1,0
169.5,95.4,-1,1
182.2,98.1,-1,1
181.0,124.1,-1,1
163.7,55.2,1,0
156.8,87.4,-1,0
168.0,58.2,1,0
162.0,53.8,1,0
169.4,118.6,1,1
182.4,66.5,1,1
165.4,98.6,1,1
169.6,71.3,1,0
170.6,49.6,1,0
178.5,52.3,1,0
147.5,59.1,-1,0
163.9,49.1,1,0
172.1,64.4,-1,0
182.0,58.0,1,1
165.1,73.9,-1,0
151.2,40.0,1,0
176.2,76.5,1,1
163.6,44.7,1,0
158.1,77.1,-1,0
163.8,42.9,1,0
168.2,65.9,1,0
164.0,72.2,1,0
147.9,62.7,1,0
179.0,56.1,1,0
182.7,53.4,1,1
176.5,97.2,-1,1
158.6,64.8,1,0
168.0,52.4,1,0
169.9,86.4,-1,1
176.0,71.6,1,1
176.7,61.0,1,0
162.7,52.4,1,0
170.8,55.3,1,0
174.6,66.2,1,0
184.6,86.8,1,1
177.0,107.5,-1,1
177.9,47.8,1,0
170.8,67.0,1,0
184.1,81.4,1,1
174.1,84.2,-1,1
161.4,80.6,-1,0
184.0,76.4,1,1
177.0,71.0,1,1
165.6,73.9,1,0
165.2,39.6,1,0
173.0,47.9,1,0
174.6,128.2,-1,1
172.0,55.2,1,0
173.1,67.5,1,0
187.0,93.6,1,1
180.7,83.5,1,1
171.9,94.0,-1,1
179.4,98.6,-1,1
159.7,41.7,1,0
174.0,94.2,-1,1
188.1,104.6,-1,1
167.8,81.0,-1,1
161.5,67.9,1,0
163.5,46.8,1,0
159.1,60.1,1,0
162.2,54.4,1,0
166.3,50.7,1,0
155.9,53.7,1,0
170.2,86.7,-1,1
179.0,80.8,1,1
160.9,75.4,-1,0
185.2,76.6,1,1
175.1,83.6,-1,1
180.3,77.4,1,1
163.4,82.0,-1,0
178.5,97.8,-1,1
159.1,61.9,1,0
178.9,64.6,1,1
171.7,83.0,-1,1
175.5,81.5,1,1
158.2,68.2,-1,0
161.0,61.3,1,0
176.0,69.9,1,1
160.5,73.3,-1,0
174.6,65.1,-1,0
156.3,57.4,1,0
178.5,90.9,-1,1
157.7,68.7,-1,0
175.5,60.2,1,0
176.3,78.6,1,1
163.0,94.9,-1,1
175.8,85.2,-1,1
172.6,69.6,1,0
164.6,89.0,-1,1
159.9,101.5,-1,1
150.4,64.9,-1,0
173.5,52.7,1,0
154.4,72.0,-1,0
171.0,96.7,-1,1
167.4,44.8,-1,0
176.8,95.7,-1,1
167.0,70.5,1,0
166.7,91.4,-1,1
177.3,72.5,1,1
173.4,76.8,1,1
173.2,81.4,-1,1
174.7,89.4,-1,1
154.6,69.8,-1,0
177.6,66.5,-1,1
176.1,77.3,1,1
159.8,63.8,-1,0
167.6,90.9,-1,1
169.6,80.3,-1,1
168.7,64.2,1,0
173.3,58.5,1,0
184.3,103.4,-1,1
180.8,72.4,1,1
156.9,76.3,-1,0
176.2,76.6,-1,1
183.3,113.4,-1,1
173.9,66.7,-1,0
180.9,115.0,-1,1
190.1,111.7,-1,1
180.2,77.5,1,1
172.5,58.7,1,0
180.5,119.1,-1,1
171.4,62.0,1,0
170.2,77.8,1,1
166.5,70.9,1,0
185.6,86.4,1,1
161.8,73.8,-1,0
185.3,71.8,1,1
175.0,112.1,-1,1
156.0,48.8,1,0
173.7,68.3,1,0
149.0,39.7,1,0
176.3,101.8,1,1
178.9,121.0,1,1
164.1,95.7,-1,1
171.2,93.3,1,1
189.5,76.4,1,1
164.9,72.1,1,0
159.4,62.4,1,0
184.8,65.7,1,1
189.6,83.5,1,1
170.0,83.7,-1,1
180.1,64.2,1,1
183.4,48.8,-1,0
162.6,50.2,-1,0
165.1,81.6,-1,0
182.3,53.2,1,0
186.9,82.6,1,1
175.6,74.6,1,1
161.2,69.0,-1,0
189.9,100.6,-1,1
164.7,70.3,1,0
166.6,62.8,1,0
173.4,58.1,1,0
185.5,104.7,-1,1
178.5,55.8,1,0
174.1,94.6,-1,1
174.6,92.6,-1,1
170.4,113.3,-1,1
175.6,63.1,1,0
145.0,45.5,-1,0
167.0,70.6,1,0
172.4,78.4,1,1
158.5,75.4,1,0
173.9,85.0,-1,1
168.0,60.3,1,0
187.6,85.9,1,1
185.7,110.7,-1,1
165.3,51.7,1,0
168.5,67.0,1,0
169.3,81.2,-1,1
165.5,50.9,1,0
172.0,47.3,1,0
162.4,88.8,-1,0
158.7,66.4,1,0
176.2,54.2,1,0
176.3,99.5,-1,1
162.0,62.3,1,0
179.0,60.2,-1,1
163.7,76.9,-1,0
172.5,75.3,1,1
178.2,67.7,1,1
169.7,63.0,1,0
174.5,52.8,1,0
164.8,84.0,-1,0
168.0,49.4,1,0
167.9,61.2,1,0
162.5,63.7,1,0
168.2,91.3,-1,1
154.5,61.6,1,0
165.1,73.7,-1,0
167.2,75.8,-1,0
167.4,89.5,-1,1
167.6,107.1,-1,1
169.4,68.5,1,0
174.8,76.6,1,1
178.7,83.2,1,1
163.5,75.3,-1,0
158.0,64.4,1,0
159.6,59.2,1,0
165.1,72.1,1,0
166.5,109.7,-1,1
162.3,70.8,1,0
157.0,43.2,-1,0
165.4,66.0,1,0
171.8,74.0,1,1
176.0,79.4,1,1
164.4,62.4,1,0
165.9,77.6,-1,0
160.7,76.3,-1,0
169.7,76.5,1,0
161.5,76.2,-1,0
175.7,49.5,1,0
152.1,54.4,1,0
166.4,80.6,-1,0
173.0,79.4,1,1
171.8,66.7,1,0
196.9,84.6,1,1
173.5,60.1,1,0
160.0,82.8,-1,0
169.0,50.0,1,0
152.2,40.1,1,0
169.2,78.8,-1,1
161.7,69.9,1,0
179.2,56.2,1,0
164.5,77.8,-1,0
168.8,78.6,-1,1
163.6,79.3,-1,0
187.4,89.3,1,1
166.8,72.5,1,0
188.3,103.8,-1,1
178.1,88.3,-1,1
174.8,80.9,1,1
173.7,78.4,1,1
173.9,69.7,1,1
150.7,59.9,1,0
167.2,83.7,-1,1
178.5,117.2,-1,1
169.5,80.9,-1,1
155.9,62.7,1,0
169.5,97.1,-1,1
187.0,101.0,1,1
182.5,57.1,1,1
169.4,54.8,1,0
179.5,115.9,-1,1
166.3,61.5,1,0
153.0,66.5,-1,0
160.8,53.2,1,0
185.6,112.7,1,1
167.3,66.4,1,0
167.6,71.6,1,0
167.0,70.1,1,0
189.0,100.2,-1,1
186.3,90.3,1,1
192.2,112.5,-1,1
168.4,86.3,-1,1
173.0,84.3,-1,1
154.8,72.9,-1,0
184.8,99.7,-1,1
158.3,56.7,1,0
172.2,70.1,1,0
159.0,86.8,-1,0
164.1,78.7,-1,0
161.6,71.6,-1,0
163.9,58.3,1,0
164.6,39.3,1,0
164.5,62.9,1,0
178.3,66.1,1,1
159.0,58.5,1,0
172.2,84.9,-1,1
182.2,118.4,-1,1
164.9,86.0,1,1
162.8,56.6,1,0
167.7,79.4,-1,0
181.8,73.0,1,1
171.9,51.7,1,0
164.7,62.5,1,0
174.8,99.5,-1,1
159.0,54.3,1,0
176.8,98.5,-1,1
174.1,63.7,1,0
166.9,81.2,-1,0
161.6,61.5,1,0
161.1,88.6,-1,0
175.3,75.7,1,1
182.3,77.2,1,1
163.6,90.6,-1,1
174.6,65.6,1,0
149.1,61.8,-1,0
164.2,58.2,1,0
169.7,88.0,1,1
160.9,84.9,-1,0
160.6,57.9,1,0
163.3,75.4,1,0
172.9,86.2,-1,1
168.1,72.8,1,0
147.6,71.2,-1,0
148.8,75.5,-1,0
163.9,57.5,1,0
174.6,102.9,-1,1
145.0,62.1,-1,0
165.0,76.1,-1,0
164.7,60.0,1,0
183.9,49.4,1,0
166.1,73.7,1,0
173.8,85.7,-1,1
171.4,113.0,1,1
148.7,43.0,1,0
177.7,45.8,1,0
172.2,57.6,1,0
175.1,105.9,-1,1
200.0,95.3,1,1
149.2,77.2,-1,0
187.2,93.0,1,1
167.1,53.5,1,0
172.9,115.1,-1,1
169.5,98.9,-1,1
165.8,69.9,-1,0
164.3,87.7,-1,1
173.3,77.3,1,1
154.8,69.8,-1,0
177.5,107.4,-1,1
165.8,48.1,1,0
158.7,61.3,1,0
165.5,73.1,1,0
182.6,95.0,-1,1
164.6,51.5,-1,0
173.6,96.4,-1,1
162.7,43.9,1,0
177.6,55.2,1,0
176.9,68.8,1,1
188.5,134.6,-1,1
168.2,113.9,-1,1
176.7,91.9,-1,1
171.0,68.9,1,0
183.0,81.8,1,1
162.8,67.6,1,0
177.5,111.1,1,1
168.1,54.2,1,0
169.4,96.6,-1,1
170.9,52.4,1,0
172.5,70.3,1,0
168.8,75.5,1,0
172.1,85.8,-1,1
185.8,86.2,1,1
179.9,84.3,1,1
178.7,80.6,1,1
165.4,47.9,1,0
161.1,77.7,-1,0
179.6,96.3,-1,1
178.8,105.6,-1,1
184.7,128.2,1,1
164.0,69.8,1,0
167.7,98.3,-1,1
153.6,59.2,1,0
166.1,45.0,1,0
180.0,104.5,-1,1
165.3,80.5,-1,0
176.4,77.8,1,1
168.1,73.8,1,0
173.2,79.1,1,1
158.5,61.5,1,0
170.9,80.7,-1,1
145.0,44.1,1,0
168.1,56.9,1,0
153.7,43.9,1,0
182.1,127.5,-1,1
177.8,80.4,1,1
174.7,103.0,-1,1
185.2,68.3,1,1
160.5,57.7,1,0
187.5,94.2,1,1
179.3,108.8,-1,1
167.6,60.1,-1,0
181.4,69.3,1,1
158.9,54.9,1,0
161.8,63.5,-1,0
163.9,50.7,1,0
164.7,44.4,1,0
159.4,71.3,-1,0
182.2,96.4,-1,1
167.4,50.9,1,0
173.5,58.6,1,0
164.3,65.9,1,0
151.8,77.7,-1,0
172.7,43.2,1,0
150.9,63.0,-1,0
169.3,87.7,-1,1
156.3,50.6,1,0
189.9,77.2,1,1
179.1,91.4,-1,1
171.1,72.6,1,0
182.6,122.4,-1,1
161.5,70.8,-1,0
175.4,92.8,1,1
172.0,82.0,-1,1
172.6,86.9,-1,1
182.7,62.9,1,1
177.3,87.1,-1,1
172.9,78.0,1,1
153.5,45.2,1,0
160.4,78.6,-1,0
168.8,49.8,1,0
170.9,96.7,-1,1
158.7,36.5,1,0
194.1,90.7,-1,1
185.2,105.1,-1,1
176.0,60.0,1,0
170.7,84.6,-1,1
167.9,71.6,1,0
160.5,69.4,1,0
170.8,71.2,1,0
172.6,66.1,-1,0
157.6,39.7,-1,0
173.3,77.8,1,1
168.4,86.6,-1,1
150.9,54.1,1,0
161.4,62.7,1,0
165.9,95.0,-1,1
188.9,91.0,-1,1
175.6,88.2,-1,1
156.6,65.6,1,0
174.9,73.4,-1,1
154.5,69.5,-1,0
180.8,106.1,-1,1
165.3,87.2,-1,1
169.1,88.9,-1,1
183.3,58.8,1,1
157.1,44.4,1,0
156.0,53.3,1,0
164.2,54.5,1,0
180.4,72.2,1,1
154.8,76.3,-1,0
145.0,50.8,1,0
165.5,62.1,1,0
175.5,72.8,-1,1
182.0,74.9,1,1
165.4,64.4,1,0
165.9,95.8,-1,1
181.5,57.7,1,1
151.3,78.2,-1,0
166.1,107.0,-1,1
171.9,96.3,-1,1
174.5,53.5,1,0
164.9,60.0,1,0
170.3,86.2,-1,1
145.1,46.3,1,0
163.4,54.6,1,0
174.5,78.9,1,1
160.2,50.7,1,0
170.6,70.5,1,0
174.5,54.1,1,0
166.6,81.4,-1,0
171.7,54.3,1,0
160.4,61.2,1,0
167.9,63.0,1,0
176.1,84.6,-1,1
171.6,83.7,-1,1
164.1,76.0,-1,0
172.2,66.2,1,0
177.1,63.1,1,1
149.5,87.5,-1,0
181.6,101.2,-1,1
166.6,62.0,-1,0
174.3,65.5,1,0
182.0,54.2,-1,1
156.3,77.6,-1,0
162.9,59.0,1,0
167.1,91.7,-1,1
162.2,74.9,-1,0
187.3,121.5,1,1
161.4,80.9,-1,0
164.4,64.2,-1,0
172.0,78.7,1,1
158.0,59.0,1,0
166.0,68.6,1,0
173.2,48.0,-1,0
166.7,48.6,1,0
169.1,80.2,-1,1
164.7,64.9,1,0
154.9,73.8,-1,0
173.2,63.7,1,0
187.5,93.2,1,1
170.2,88.6,-1,1
172.3,97.4,-1,1
176.9,72.3,1,1
157.3,47.0,1,0
187.0,118.2,-1,1
172.0,73.3,1,1
186.3,81.9,1,1
162.7,55.8,1,0
188.2,67.9,1,1
177.8,98.4,-1,1
175.5,56.9,1,0
172.3,80.5,1,1
167.5,78.6,-1,0
182.0,70.9,1,1
171.4,101.4,1,1
150.3,65.3,-1,0
158.8,56.2,1,0
168.1,68.9,1,0
173.1,91.0,-1,1
169.4,73.1,1,0
182.2,110.9,-1,1
150.5,67.7,-1,0
171.4,82.3,-1,1
151.8,61.0,1,0
177.6,133.7,-1,1
169.1,54.0,-1,0
174.2,51.4,1,0
161.4,65.2,1,0
182.8,111.7,1,1
180.4,47.2,1,0
175.8,49.5,1,0
168.7,60.1,1,0
175.8,116.6,-1,1
162.9,70.8,1,0
178.6,62.3,1,1
186.5,104.1,-1,1
180.7,109.3,-1,1
162.7,60.0,1,0
173.6,83.6,-1,1
157.1,64.0,1,0
175.7,92.4,-1,1
174.5,72.3,1,1
151.3,65.9,-1,0
158.4,79.1,-1,0
167.2,86.0,-1,1
167.0,48.8,1,0
157.9,44.6,-1,0
173.9,63.1,1,0
172.5,79.2,1,1
168.1,80.1,-1,1
162.4,49.3,1,0
180.5,82.9,1,1
186.6,101.5,-1,1
165.2,75.0,-1,0
163.9,59.7,1,0
174.9,65.1,1,0
166.4,47.7,1,0
168.6,105.0,-1,1
177.4,92.3,-1,1
150.9,36.4,1,0
183.2,113.6,1,1
170.7,88.8,-1,1
165.9,88.5,-1,1
169.1,61.9,1,0
169.6,60.4,1,0
152.7,46.9,-1,0
184.9,129.0,-1,1
170.4,68.2,-1,0
174.4,58.6,1,0
179.5,68.1,1,1
159.8,55.0,1,0
174.7,104.8,-1,1
167.3,74.6,1,0
178.5,103.2,-1,1
148.7,55.8,1,0
169.0,64.0,1,0
164.0,54.4,1,0
174.3,105.0,-1,1
174.7,94.4,-1,1
162.9,79.6,-1,0
162.9,81.0,-1,0
168.9,63.4,1,0
161.0,69.0,1,0
178.4,100.3,-1,1
166.3,84.8,-1,1
145.0,57.7,-1,0
166.3,106.0,-1,1
159.6,71.8,-1,0
153.7,74.2,-1,0
157.6,61.4,-1,0
171.1,66.7,1,0
183.3,98.5,-1,1
173.1,92.6,-1,1
163.9,72.8,1,0
174.6,65.3,1,0
165.4,85.0,-1,1
163.1,49.8,1,0
158.5,70.7,-1,0
152.5,42.8,1,0
166.1,55.0,1,0
171.6,74.3,1,1
169.0,85.6,-1,1
165.8,72.3,-1,0
160.5,60.1,1,0
176.1,93.6,-1,1
156.8,67.2,-1,0
177.8,87.4,-1,1
160.0,61.6,1,0
162.5,58.5,1,0
155.3,80.3,-1,0
165.0,57.6,1,0
179.8,108.8,-1,1
175.2,66.1,-1,0
179.8,82.2,1,1
175.2,73.4,1,1
159.0,61.5,-1,0
166.7,80.8,-1,0
162.2,82.2,-1,0
183.3,94.8,-1,1
158.0,50.2,1,0
178.9,62.3,1,1
178.9,56.4,1,0
188.3,83.4,1,1
165.9,103.7,-1,1
177.1,77.5,1,1
192.8,134.2,-1,1
163.8,70.6,1,0
154.6,65.7,-1,0
151.2,65.3,-1,0
177.1,77.7,1,1
151.2,60.2,1,0
166.3,44.2,1,0
174.4,59.8,1,0
171.9,47.3,1,0
174.3,89.1,-1,1
172.2,49.9,1,0
182.8,116.8,-1,1
160.5,73.7,-1,0
163.2,81.9,-1,0
162.3,59.6,1,0
178.3,58.0,1,0
179.0,78.2,1,1
174.5,100.2,-1,1
181.8,129.6,-1,1
158.2,70.2,-1,0
186.7,64.8,1,1
185.2,70.9,-1,1
177.4,55.3,1,0
187.8,90.7,1,1
153.4,51.4,1,0
164.8,61.6,1,0
162.6,53.1,1,0
177.2,61.1,1,0
159.5,65.0,1,0
177.6,83.3,-1,1
183.7,55.3,1,1
177.0,91.9,-1,1
172.8,91.7,-1,1
160.1,41.0,1,0
161.5,86.0,-1,0
182.5,102.3,-1,1
177.8,97.2,1,1
169.6,58.6,1,0
165.8,85.9,1,1
149.7,68.2,-1,0
159.3,57.3,1,0
189.1,106.1,-1,1
157.2,59.7,1,0
171.9,58.5,1,0
180.1,77.2,1,1
157.5,68.2,1,0
171.8,72.9,1,1
179.4,65.2,1,1
170.1,79.2,-1,1
198.7,111.9,-1,1
153.3,60.8,1,0
180.6,52.2,1,0
168.3,65.1,1,0
177.7,63.0,1,1
174.4,107.6,-1,1
162.7,64.1,1,0
172.3,69.2,1,0
151.4,53.1,1,0
176.0,75.1,1,1
173.0,88.3,-1,1
176.4,54.4,1,0
180.6,86.0,-1,1
173.7,70.8,1,1
171.5,81.1,-1,1
161.2,73.5,-1,0
162.9,55.3,1,0
181.9,55.5,1,1
184.4,83.9,-1,1
167.6,96.2,-1,1
170.5,87.2,1,1
161.0,58.9,1,0
181.7,70.0,1,1
176.7,62.9,1,0
189.4,67.1,1,1
161.2,77.2,-1,0
166.2,85.1,-1,1
172.3,67.3,1,0
176.5,68.5,1,1
167.8,62.9,1,0
161.3,54.1,1,0
178.8,65.8,1,1
177.2,75.6,1,1
160.8,76.9,-1,0
183.6,103.1,-1,1
181.7,65.9,1,1
171.3,76.1,1,1
170.8,84.2,1,1
175.5,59.7,1,0
161.4,63.4,1,0
170.3,93.6,-1,1
148.5,48.6,1,0
178.8,55.9,1,0
154.4,38.1,1,0
185.0,97.1,-1,1
166.7,75.4,-1,0
167.9,77.9,1,0
163.7,78.9,-1,0
167.1,49.2,1,0
184.2,68.4,1,1
145.1,61.2,-1,0
182.8,98.3,1,1
173.4,75.0,1,1
157.9,44.7,1,0
159.2,68.6,-1,0
186.8,88.3,1,1
160.5,51.9,1,0
158.5,36.4,1,0
181.4,98.5,-1,1
173.4,64.0,1,0
160.6,71.3,-1,0
172.2,72.3,1,1
159.7,46.2,1,0
181.0,85.2,-1,1
180.6,69.6,1,1
175.3,53.9,1,0
173.6,48.2,1,0
187.6,87.9,1,1
170.0,104.2,-1,1
158.2,66.9,1,0
174.5,108.7,-1,1
190.9,128.2,-1,1
159.9,71.8,-1,0
166.4,95.4,-1,1
174.2,102.4,-1,1
169.5,96.4,-1,1
160.2,41.1,-1,0
181.2,82.4,1,1
193.2,83.4,1,1
172.0,94.7,-1,1
161.0,56.1,1,0
154.5,88.4,-1,0
172.6,80.7,-1,1
181.0,81.4,1,1
174.8,69.4,1,1
170.0,69.0,1,0
164.1,67.6,1,0
159.1,58.5,1,0
178.3,70.6,1,1
179.1,72.4,1,1
154.5,82.2,-1,0
185.9,133.0,-1,1
175.7,68.5,1,1
184.0,101.9,1,1
156.6,52.8,1,0
156.3,52.6,1,0
168.5,52.5,-1,0
175.0,95.3,-1,1
188.0,93.3,1,1
177.1,91.1,-1,1
167.6,81.0,-1,1
159.7,54.3,1,0
182.3,81.6,1,1
160.4,75.0,-1,0
186.3,79.6,1,1
167.2,75.2,-1,0
185.9,75.0,1,1
176.8,98.4,-1,1
168.6,82.8,-1,1
164.8,88.1,-1,1
166.6,76.2,-1,0
174.3,51.4,1,0
170.8,64.5,1,0
164.1,56.0,-1,0
168.3,62.2,1,0
170.8,91.4,-1,1
148.7,39.1,1,0
174.6,65.5,1,0
160.2,58.1,1,0
158.5,39.2,1,0
153.1,61.5,1,0
152.1,49.6,1,0
156.4,77.5,1,0
162.9,65.9,1,0
189.5,99.7,-1,1
164.7,73.8,-1,0
171.8,47.2,1,0
174.0,45.1,1,0
171.3,80.1,-1,1
169.2,73.1,1,0
158.0,65.2,1,0
184.5,112.3,-1,1
188.1,104.6,-1,1
153.2,80.8,-1,0
159.8,40.8,-1,0
167.2,99.0,-1,1
160.4,58.8,1,0
175.1,77.1,1,1
162.7,85.0,-1,0
191.7,58.8,1,1
181.9,77.7,1,1
172.1,92.0,-1,1
180.3,64.3,1,1
181.1,95.0,1,1
164.4,78.5,-1,0
161.8,68.1,1,0
170.8,83.4,1,1
178.6,109.3,-1,1
171.4,88.5,-1,1
154.2,76.3,-1,0
162.0,55.6,1,0
169.3,81.6,-1,1
169.2,80.0,-1,1
189.7,119.7,-1,1
156.1,40.4,1,0
175.1,91.8,-1,1
184.9,62.3,1,1
192.7,145.0,-1,1
166.0,58.3,1,0
174.9,59.7,1,0
175.7,76.4,1,1
172.0,97.0,-1,1
169.0,73.2,1,0
174.4,102.1,1,1
145.0,45.6,1,0
176.8,69.0,1,1
171.3,60.4,1,0
167.8,61.5,1,0
190.5,54.8,1,1
163.3,56.3,-1,0
166.0,53.0,1,0
189.9,111.1,-1,1
161.7,88.6,-1,0
164.5,75.3,-1,0
168.5,55.3,1,0
178.4,93.8,-1,1
172.1,73.3,1,1
157.1,80.4,-1,0
164.7,52.4,1,0
163.9,53.1,1,0
169.2,84.1,-1,1
174.3,75.5,1,1
174.2,88.2,-1,1
152.2,46.0,1,0
180.6,90.1,-1,1
172.5,79.7,1,1
183.8,49.0,1,0
174.4,80.6,1,1
181.0,47.5,1,0
174.7,107.8,-1,1
183.5,57.5,1,1
175.2,77.9,1,1
169.0,71.3,1,0
192.7,71.4,1,1
178.9,115.5,-1,1
175.7,64.4,1,0
157.2,57.8,1,0
157.1,55.2,1,0
172.9,57.8,1,0
171.5,71.6,1,0
163.9,78.5,-1,0
171.4,71.9,1,0
185.9,75.8,1,1
177.0,78.2,1,1
158.6,42.2,1,0
168.9,95.8,-1,1
162.0,57.6,1,0
166.1,57.4,1,0
165.9,48.1,1,0
165.2,59.9,1,0
157.4,87.0,-1,0
168.7,81.6,-1,1
164.4,85.5,-1,0
145.0,50.9,1,0
190.5,58.1,1,1
180.9,83.2,1,1
166.2,72.4,1,0
170.2,92.3,-1,1
158.3,58.3,1,0
187.0,66.0,-1,1
189.0,92.5,1,1
171.6,67.5,1,0
180.2,91.4,-1,1
171.8,72.0,1,0
156.6,43.1,1,0
165.9,78.2,-1,0
171.3,60.4,1,0
165.5,67.4,1,0
167.8,62.6,1,0
169.1,75.5,1,0
169.2,48.0,1,0
170.5,73.3,1,0
159.4,83.8,-1,0
162.8,71.8,-1,0
157.2,51.9,1,0
179.8,73.7,1,1
148.9,59.4,1,0
181.5,93.5,-1,1
183.9,120.1,-1,1
167.0,48.8,1,0
145.0,59.0,-1,0
166.4,72.3,1,0
169.4,74.9,1,0
159.9,69.4,1,0
164.8,64.2,1,0
185.3,60.1,1,1
176.6,77.3,-1,1
160.8,70.8,-1,0
154.0,58.6,1,0
166.7,87.2,-1,1
167.9,66.4,1,0
175.0,80.4,-1,1
164.6,39.3,1,0
175.1,117.9,-1,1
189.4,84.7,1,1
178.2,70.1,1,1
169.5,67.3,1,0
168.2,54.6,-1,0
166.4,45.7,1,0
181.8,83.4,1,1
163.7,68.9,1,0
170.5,72.2,1,0
170.5,76.5,1,1
165.0,70.8,1,0
156.3,43.4,1,0
173.2,70.7,1,1
169.4,74.5,1,0
175.0,71.3,1,1
164.7,76.6,-1,0
182.2,80.3,1,1
161.2,62.8,1,0
187.1,91.9,1,1
152.5,68.4,1,0
174.3,88.9,1,1
174.8,117.3,1,1
162.0,83.2,-1,0
174.2,53.5,1,0
182.8,61.8,1,1
147.8,51.0,1,0
175.0,62.6,1,0
145.1,54.4,-1,0
160.3,68.1,1,0
186.3,76.7,1,1
164.2,90.7,-1,1
158.3,84.5,-1,0
168.0,49.4,1,0
190.7,59.7,1,1
151.7,72.7,-1,0
159.5,73.0,-1,0
185.0,90.7,-1,1
188.6,89.1,1,1
169.0,69.6,1,0
157.6,70.1,-1,0
191.0,100.5,-1,1
185.9,108.4,-1,1
176.8,65.4,1,1
161.9,69.7,1,0
169.5,87.2,-1,1
168.4,77.9,-1,0
173.3,91.7,-1,1
184.5,98.6,-1,1
178.8,71.8,1,1
159.2,47.9,1,0
183.8,69.3,1,1
173.1,59.9,1,0
176.9,50.1,1,0
184.7,107.6,-1,1
158.9,36.6,1,0
169.6,108.4,-1,1
164.7,63.3,1,0
154.3,52.0,1,0
173.5,43.6,1,0
195.1,98.2,-1,1
151.6,57.3,1,0
169.7,73.0,1,0
176.4,63.1,1,0
171.2,77.4,1,1
168.9,61.5,1,0
157.0,66.5,1,0
172.3,82.5,-1,1
162.4,92.9,-1,1
148.1,65.4,-1,0
181.9,79.6,1,1
179.6,80.5,1,1
170.5,78.2,1,1
172.3,83.4,1,1
180.7,72.0,1,1
172.2,94.7,-1,1
179.0,62.1,1,1
167.0,81.6,-1,1
183.1,99.8,-1,1
173.2,62.9,1,0
171.9,42.9,1,0
157.3,54.2,1,0
172.9,47.8,1,0
161.7,66.5,1,0
163.6,50.9,1,0
161.8,114.4,-1,1
159.3,83.4,-1,0
191.2,98.5,1,1
183.3,110.9,-1,1
189.2,104.6,-1,1
157.8,48.6,1,0
170.7,61.9,1,0
157.1,76.9,-1,0
163.0,51.1,1,0
160.8,74.7,-1,0
182.4,91.6,1,1
166.0,64.6,1,0
180.7,89.5,-1,1
176.0,92.9,-1,1
193.0,110.7,-1,1
155.2,66.7,-1,0
182.6,83.1,1,1
181.5,93.9,-1,1
160.3,41.1,1,0
180.1,109.8,-1,1
173.4,77.3,1,1
167.7,62.1,1,0
161.8,78.8,-1,0
162.8,75.4,-1,0
190.5,74.9,1,1
170.0,73.4,1,0
177.8,84.5,1,1
162.1,65.2,1,0
162.2,91.4,-1,1
180.8,86.2,1,1
156.5,59.3,1,0
165.8,53.4,1,0
170.3,62.5,1,0
171.1,75.7,1,1
168.2,62.8,1,0
174.0,72.2,1,1
176.9,86.7,1,1
177.3,79.8,1,1
160.1,66.2,-1,0
167.2,72.1,1,0
181.9,90.2,-1,1
178.9,130.8,-1,1
156.3,82.7,-1,0
173.5,73.2,1,1
150.2,76.3,-1,0
170.5,49.9,1,0
189.0,82.5,1,1
160.5,75.3,-1,0
161.7,79.8,-1,0
177.6,85.5,-1,1
154.6,51.3,-1,0
163.7,53.6,1,0
176.0,79.8,1,1
163.7,58.9,1,0
167.6,89.5,-1,1
177.4,78.2,1,1
174.2,74.8,1,1
172.7,47.7,1,0
166.6,84.0,-1,1
173.7,85.8,-1,1
168.8,49.8,1,0
174.6,84.3,-1,1
165.0,65.6,1,0
168.2,83.9,-1,1
160.1,66.3,1,0
169.6,58.1,1,0
161.9,92.7,-1,1
158.9,86.9,-1,0
172.6,75.6,1,1
172.1,85.1,1,1
177.8,65.6,1,1
165.7,43.9,1,0
174.1,99.7,-1,1
175.5,62.3,1,0
174.4,103.9,-1,1
161.7,72.4,-1,0
171.5,78.6,1,1
173.6,74.6,1,1
170.1,80.1,-1,1
149.1,46.5,1,0
171.6,97.2,-1,1
192.1,89.9,1,1
166.4,98.2,-1,1
162.7,68.2,1,0
173.7,78.0,1,1
173.1,84.2,-1,1
181.9,89.2,1,1
157.4,92.6,-1,0
177.3,70.3,1,1
175.9,75.0,1,1
168.6,75.0,1,0
173.4,43.6,1,0
180.3,70.4,1,1
178.7,75.3,-1,1
158.6,106.4,1,1
178.2,84.3,1,1
169.4,75.9,1,0
170.7,47.2,1,0
170.7,71.8,1,0
168.5,91.2,-1,1
181.9,127.7,1,1
169.2,59.8,1,0
158.8,40.4,1,0
166.1,56.1,1,0
171.8,60.1,1,0
182.3,62.9,1,1
176.0,94.3,-1,1
161.5,66.7,1,0
194.9,69.2,1,1
172.6,99.8,-1,1
182.8,116.4,-1,1
168.5,49.7,1,0
175.3,98.6,-1,1
178.4,76.3,1,1
182.2,59.2,1,1
180.6,57.9,1,1
178.7,76.0,1,1
166.8,65.1,1,0
164.3,73.9,-1,0
173.3,118.3,-1,1
179.3,70.6,1,1
167.8,42.4,1,0
180.7,75.1,1,1
184.5,111.5,-1,1
160.8,56.9,1,0
161.6,75.5,-1,0
168.6,78.2,1,0
173.1,76.0,1,1
164.8,93.7,-1,1
183.5,64.6,1,1
174.2,56.9,1,0
170.4,61.1,1,0
155.6,61.9,1,0
156.8,66.0,1,0
172.8,87.4,-1,1
148.7,54.3,1,0
180.1,82.2,1,1
168.4,80.8,1,1
200.0,146.7,-1,1
193.1,72.8,1,1
168.2,59.3,1,0
168.9,72.1,-1,0
180.0,120.5,-1,1
187.0,65.0,1,1
153.6,58.9,1,0
152.1,42.2,1,0
163.8,69.4,1,0
175.8,54.1,1,0
175.0,57.5,1,0
180.7,111.6,-1,1
158.0,66.3,-1,0
146.8,44.3,1,0
178.6,78.9,1,1
161.7,64.4,1,0
149.8,63.7,-1,0
171.5,51.4,1,0
177.9,54.7,1,0
168.8,59.2,1,0
165.4,82.8,-1,0
168.4,75.0,1,0
166.3,88.9,-1,1
156.5,73.4,-1,0
162.9,60.8,1,0
175.2,75.8,1,1
173.2,98.3,-1,1
171.7,94.6,-1,1
160.0,62.6,1,0
168.2,49.8,1,0
148.2,35.2,1,0
171.8,47.2,1,0
184.3,94.5,-1,1
155.3,63.2,1,0
164.1,56.4,-1,0
173.3,98.5,1,1
182.5,79.2,1,1
165.5,58.8,1,0
163.1,89.2,-1,1
150.3,74.0,-1,0
171.0,72.2,1,0
190.4,107.3,-1,1
172.8,86.2,-1,1
169.8,109.7,-1,1
173.2,77.2,1,1
169.9,56.1,1,0
161.9,71.4,-1,0
178.2,80.6,1,1
172.3,80.6,-1,1
170.2,67.5,1,0
160.2,41.1,1,0
183.0,94.0,-1,1
176.6,71.3,1,1
164.5,66.7,1,0
180.0,68.4,1,1
165.0,67.4,1,0
162.2,69.9,1,0
162.4,61.5,1,0
152.3,77.5,-1,0
174.7,94.7,-1,1
151.7,60.0,1,0
157.7,50.5,1,0
149.2,63.4,1,0
169.1,66.1,-1,0
168.5,72.3,1,0
166.7,51.7,1,0
159.6,73.8,-1,0
158.3,97.9,-1,1
174.6,67.0,1,0
164.5,77.8,-1,0
173.2,101.9,1,1
161.1,56.8,1,0
171.8,51.7,1,0
183.0,92.7,-1,1
175.9,78.8,1,1
165.9,73.9,1,0
172.6,75.4,1,1
167.6,89.8,-1,1
170.1,75.0,1,0
166.7,109.9,-1,1
168.4,82.7,-1,1
172.1,96.5,-1,1
160.1,68.0,1,0
159.8,68.6,-1,0
156.1,35.3,1,0
154.0,47.5,1,0
157.8,82.1,-1,0
171.6,76.8,1,1
161.1,47.4,-1,0
175.1,59.5,1,0
170.3,56.1,1,0
150.3,52.6,1,0
176.5,62.3,1,0
178.1,111.2,-1,1
160.1,71.1,-1,0
174.2,55.0,1,0
161.4,89.2,-1,0
171.0,76.7,1,1
157.4,69.4,-1,0
152.1,62.1,1,0
166.2,80.1,-1,0
168.8,61.1,1,0
166.0,74.4,1,0
158.2,56.5,1,0
166.0,70.7,1,0
172.7,75.7,1,1
169.6,66.9,1,0
171.8,52.3,1,0
163.3,66.6,1,0
181.7,87.0,1,1
158.2,86.6,-1,0
174.9,89.8,-1,1
181.8,68.3,1,1
174.8,53.2,1,0
168.0,75.1,1,0
164.7,59.8,1,0
180.4,70.2,1,1
155.8,53.4,1,0
160.3,63.0,1,0
166.0,85.2,-1,1
182.4,58.2,1,1
173.8,99.0,-1,1
160.3,61.1,1,0
166.9,59.0,-1,0
163.9,85.5,-1,0
162.9,67.0,1,0
179.8,65.4,1,1
156.3,42.7,-1,0
186.1,101.0,1,1
178.3,94.0,-1,1
180.9,68.8,1,1
165.4,90.0,-1,1
168.5,75.9,1,0
155.7,83.5,-1,0
164.8,48.2,1,0
174.9,56.7,1,0
183.0,73.4,1,1
158.9,60.9,1,0
166.3,92.4,-1,1
168.5,80.2,-1,1
156.0,46.1,1,0
175.9,82.2,1,1
162.8,59.4,1,0
168.0,57.0,1,0
165.5,67.1,1,0
162.1,66.6,1,0
169.9,58.9,1,0
167.8,61.5,1,0
166.3,78.5,-1,0
162.7,76.9,-1,0
173.2,96.5,-1,1
186.5,86.3,1,1
171.4,49.9,1,0
180.0,74.7,1,1
156.1,75.9,-1,0
171.6,51.5,1,0
159.0,88.9,-1,0
155.2,44.2,1,0
162.6,82.4,-1,0
181.9,62.5,1,1
179.5,69.0,1,1
172.4,43.1,1,0
154.7,90.0,-1,0
168.0,80.3,-1,1
173.0,81.7,-1,1
171.8,65.0,1,0
151.6,48.0,1,0
161.1,77.0,-1,0
169.4,46.7,1,0
175.4,73.8,1,1
148.0,35.1,1,0
168.4,73.0,1,0
171.4,51.4,1,0
178.5,56.1,1,0
176.9,66.8,1,1
175.8,93.3,-1,1
162.0,53.3,1,0
150.9,70.4,-1,0
166.1,93.8,1,1
180.0,75.0,1,1
183.9,54.6,1,1
177.1,101.3,-1,1
174.3,44.0,-1,0
173.8,59.1,1,0
164.4,43.3,1,0
168.7,83.3,-1,1
186.7,99.1,-1,1
160.6,85.6,-1,0
186.1,72.3,1,1
166.8,60.0,1,0
183.3,78.4,1,1
155.9,37.7,1,0
175.9,103.8,-1,1
162.6,123.0,-1,1
155.8,50.2,1,0
172.2,84.7,-1,1
180.1,78.1,-1,1
161.6,68.2,-1,0
155.0,71.7,1,0
169.1,47.6,1,0
169.1,67.6,1,0
175.5,99.2,1,1
179.5,95.2,-1,1
169.4,81.7,-1,1
188.6,94.4,1,1
172.2,85.0,-1,1
166.5,84.4,-1,1
153.9,73.5,-1,0
167.4,65.0,1,0
166.6,79.5,-1,0
179.6,84.2,1,1
174.6,62.6,1,0
158.2,61.8,1,0
171.7,71.7,1,0
176.7,45.3,1,0
185.3,101.8,-1,1
178.9,102.9,-1,1
177.6,93.9,-1,1
170.6,88.2,-1,1
173.9,72.4,1,1
182.5,73.0,1,1
156.7,79.0,-1,0
166.5,51.7,1,0
162.3,52.5,1,0
173.8,83.6,-1,1
182.3,91.5,-1,1
164.0,86.3,-1,0
146.1,30.9,1,0
165.9,67.2,1,0
179.1,58.5,1,0
175.4,92.7,-1,1
174.3,95.7,-1,1
167.2,78.4,-1,0
157.2,53.5,1,0
175.2,67.5,1,1
161.7,62.8,1,0
191.8,79.0,1,1
175.7,69.6,1,1
164.2,55.3,1,0
163.9,40.9,1,0
169.1,82.3,-1,1
167.6,77.9,-1,0
181.2,110.6,-1,1
171.9,70.6,1,0
162.7,42.3,1,0
188.9,101.3,-1,1
170.5,84.5,-1,1
177.7,95.8,-1,1
163.9,86.9,-1,0
173.6,102.2,-1,1
173.1,61.9,1,0
151.1,78.3,-1,0
190.2,77.9,1,1
182.9,99.7,-1,1
166.0,77.3,-1,0
159.0,48.4,1,0
173.5,96.2,-1,1
170.9,69.4,1,0
173.6,108.9,-1,1
171.9,60.4,1,0
175.1,58.1,1,0
184.5,76.6,1,1
175.7,109.5,-1,1
159.5,40.7,1,0
183.6,102.8,-1,1
186.4,130.3,-1,1
200.0,101.9,1,1
158.8,60.9,1,0
172.4,75.8,1,1
149.2,37.3,1,0
175.5,126.0,-1,1
164.5,74.5,-1,0
189.2,63.3,1,1
162.3,53.1,1,0
153.1,64.6,-1,0
165.3,47.1,1,0
150.2,36.1,1,0
177.5,84.3,1,1
149.3,69.2,-1,0
170.3,92.8,-1,1
149.2,58.2,1,0
166.8,60.8,1,0
186.4,93.2,1,1
173.6,97.8,-1,1
161.4,41.6,1,0
169.7,58.6,1,0
170.2,70.2,1,0
174.7,76.5,1,1
156.3,64.0,-1,0
175.9,76.9,-1,1
145.0,61.1,-1,0
163.7,46.9,1,0
165.1,39.5,1,0
176.3,70.0,1,1
170.2,91.8,-1,1
155.9,47.6,1,0
160.2,67.3,1,0
172.0,71.8,1,0
169.2,77.0,1,0
164.2,96.8,-1,1
165.2,79.6,-1,0
177.0,97.0,-1,1
164.8,61.8,1,0
169.1,96.8,-1,1
191.7,93.5,1,1
155.8,42.5,1,0
151.5,91.2,1,0
177.8,84.7,1,1
163.2,79.1,-1,0
166.8,47.6,1,0
162.2,104.4,-1,1
167.4,60.9,-1,0
186.0,78.5,1,1
178.0,46.0,1,0
178.6,91.5,-1,1
155.8,60.3,1,0
158.5,44.0,1,0
145.0,54.9,1,0
161.9,67.0,1,0
179.6,75.8,1,1
175.2,49.1,1,0
167.8,75.3,1,0
169.8,45.8,1,0
163.1,80.7,1,0
172.0,59.7,1,0
177.7,96.5,-1,1
153.8,59.4,1,0
173.0,76.0,1,1
179.3,105.0,-1,1
165.8,51.2,1,0
177.0,62.4,1,0
198.1,111.2,-1,1
169.0,48.9,1,0
173.9,61.1,1,0
162.6,42.3,1,0
171.8,94.2,-1,1
174.6,62.4,1,0
171.9,57.9,1,0
159.8,44.1,1,0
172.1,67.2,1,0
184.6,87.4,1,1
174.5,95.8,-1,1
179.6,59.9,1,1
167.6,60.1,1,0
177.5,110.4,-1,1
172.8,97.8,-1,1
160.5,57.8,1,0
173.2,78.6,1,1
160.1,98.2,-1,1
163.7,51.8,1,0
171.9,47.3,1,0
173.0,65.2,1,0
158.1,61.2,1,0
180.5,60.9,1,1
175.7,95.3,-1,1
163.0,65.8,1,0
154.6,54.7,1,0
168.6,61.8,-1,0
165.5,56.2,1,0
171.1,87.8,-1,1
166.4,61.3,1,0
149.9,43.5,1,0
166.1,84.9,-1,1
166.9,65.1,-1,0
176.3,57.0,1,0
163.0,93.7,-1,1
186.8,100.0,-1,1
150.9,61.0,1,0
183.1,84.6,1,1
167.8,61.4,-1,0
178.6,69.2,1,1
170.8,72.5,1,0
181.4,65.7,1,1
166.1,67.3,1,0
159.0,50.2,1,0
184.2,89.4,1,1
168.9,66.6,1,0
172.2,61.7,1,0
182.3,86.4,1,1
159.7,75.9,-1,0
176.0,49.5,1,0
164.1,80.7,-1,0
168.7,50.2,1,0
170.7,60.5,1,0
155.0,42.0,1,0
162.2,74.7,-1,0
183.5,69.2,1,1
178.9,70.4,1,1
169.4,77.6,-1,1
172.4,52.0,1,0
167.1,66.6,1,0
183.6,92.3,-1,1
168.0,73.5,1,0
172.3,67.2,1,0
181.5,83.1,1,1
162.2,64.6,1,0
185.6,101.8,-1,1
154.7,81.4,-1,0
186.3,78.2,1,1
166.3,77.1,-1,0
167.6,59.0,1,0
151.1,66.2,1,0
165.5,76.0,-1,0
159.6,61.1,1,0
163.9,75.5,-1,0
168.6,71.1,1,0
179.6,74.9,1,1
172.1,62.8,1,0
173.1,78.0,1,1
159.0,54.5,-1,0
161.2,74.6,-1,0
188.0,70.5,1,1
162.6,74.4,-1,0
186.6,86.8,1,1
167.6,78.9,-1,0
170.0,71.3,1,0
180.7,60.7,1,1
182.7,110.4,-1,1
168.9,60.4,1,0
166.1,83.8,-1,1
169.4,50.2,1,0
173.4,65.4,1,0
178.9,104.6,-1,1
170.0,71.8,1,0
176.2,84.1,1,1
186.4,115.0,-1,1
173.8,77.5,1,1
173.1,79.6,1,1
154.8,65.0,-1,0
145.0,35.2,1,0
173.9,71.3,-1,1
169.1,78.0,-1,1
164.9,39.4,1,0
172.4,103.2,-1,1
169.4,84.8,-1,1
181.3,94.1,-1,1
170.9,91.7,-1,1
162.5,77.5,-1,0
179.9,81.3,1,1
167.8,45.1,1,0
175.3,68.8,1,1
165.2,61.7,1,0
163.5,72.7,-1,0
170.8,78.8,1,1
170.1,50.7,1,0
174.8,96.8,-1,1
167.3,92.3,-1,1
151.6,77.8,-1,0
165.7,50.0,1,0
177.9,85.3,1,1
167.0,52.9,1,0
167.5,102.8,-1,1
179.9,86.3,1,1
162.9,60.4,1,0
154.6,51.8,1,0
168.4,80.8,-1,1
165.2,80.7,-1,0
160.3,41.1,1,0
168.2,94.5,-1,1
174.9,85.1,1,1
169.9,96.2,-1,1
173.1,105.6,1,1
188.1,81.1,1,1
166.6,83.6,-1,1
172.8,64.3,1,0
164.9,64.4,1,0
161.5,93.8,-1,1
164.2,51.4,1,0
165.2,75.5,-1,0
173.6,63.4,1,0
193.5,78.9,1,1
162.8,62.2,1,0
165.8,92.6,1,1
169.4,84.9,-1,1
174.0,90.9,-1,1
172.6,47.7,-1,0
182.8,84.3,1,1
145.7,48.2,1,0
146.1,59.7,1,0
165.0,107.4,-1,1
181.0,52.4,1,0
154.3,68.8,-1,0
145.0,83.5,-1,0
175.7,72.4,1,1
172.4,81.5,-1,1
159.1,77.4,-1,0
160.1,44.9,1,0
160.3,64.5,1,0
171.1,59.2,1,0
163.7,104.0,-1,1
174.9,72.7,-1,1
145.0,43.6,1,0
161.4,78.4,-1,0
158.7,70.4,-1,0
167.4,89.4,-1,1
164.6,98.8,-1,1
178.0,68.1,1,1
151.4,81.0,-1,0
170.5,105.4,-1,1
175.6,62.9,1,0
188.6,74.6,1,1
165.2,69.0,1,0
173.2,75.9,1,1
152.0,81.4,1,0
146.1,39.1,1,0
178.4,84.3,1,1
169.9,54.6,1,0
181.8,89.7,1,1
156.3,96.1,-1,0
175.2,110.3,-1,1
188.7,102.4,-1,1
174.2,91.9,-1,1
172.8,83.1,-1,1
170.1,71.4,1,0
154.3,90.5,-1,0
183.6,105.9,1,1
163.9,75.0,-1,0
175.0,77.2,1,1
154.4,61.0,1,0
158.2,63.9,1,0
184.4,84.2,1,1
166.5,92.4,-1,1
184.5,100.0,-1,1
169.2,55.2,1,0
151.6,45.1,1,0
178.9,94.3,-1,1
164.1,48.6,1,0
177.0,76.5,1,1
170.3,60.5,1,0
154.6,45.6,1,0
171.6,83.6,-1,1
192.0,94.9,1,1
174.9,64.8,1,0
169.4,112.0,-1,1
180.8,52.3,1,0
172.1,63.2,1,0
172.1,59.4,1,0
159.1,46.4,1,0
172.3,118.9,-1,1
180.4,125.2,-1,1
161.6,54.6,1,0
184.2,105.6,-1,1
169.1,86.0,-1,1
161.1,86.8,-1,0
180.0,78.9,1,1
167.1,81.3,-1,0
177.6,100.7,-1,1
167.1,90.7,-1,1
169.4,74.4,1,0
174.9,54.6,1,0
172.9,61.1,1,0
150.0,39.4,1,0
158.8,71.2,-1,0
179.3,89.3,-1,1
168.7,76.1,1,0
164.8,71.5,1,0
156.4,48.0,1,0
159.2,68.1,1,0
149.8,64.2,-1,0
169.0,56.5,-1,0
164.0,62.8,1,0
160.3,58.1,1,0
169.3,68.0,1,0
173.6,54.8,1,0
190.9,85.3,1,1
154.9,83.4,-1,0
181.6,72.5,1,1
179.7,67.6,1,1
162.2,56.0,1,0
172.0,75.0,-1,1
165.4,97.8,-1,1
171.9,103.2,-1,1
185.1,77.6,-1,1
176.1,65.5,1,1
175.1,53.6,1,0
165.7,57.7,1,0
155.2,38.5,-1,0
167.9,83.0,-1,1
182.1,104.5,-1,1
154.7,58.1,1,0
159.4,73.2,-1,0
171.3,49.8,1,0
160.2,44.9,1,0
162.1,66.5,-1,0
165.8,79.1,-1,0
156.3,86.1,-1,0
160.3,99.9,-1,1
177.0,73.1,1,1
156.9,75.0,-1,0
154.0,60.2,1,0
163.7,71.1,1,0
177.3,82.6,1,1
168.0,72.4,1,0
165.4,62.6,1,0
170.4,101.5,-1,1
152.5,61.2,1,0
174.9,113.1,-1,1
173.8,59.3,1,0
165.9,44.0,1,0
180.1,76.9,1,1
158.7,50.3,1,0
181.3,57.6,1,1
171.5,96.5,-1,1
166.6,43.0,1,0
169.8,77.8,1,1
168.9,105.8,-1,1
182.2,65.1,1,1
159.2,59.9,1,0
162.4,91.3,-1,1
180.4,78.1,1,1
164.0,72.6,1,0
179.0,87.6,-1,1
187.0,96.3,-1,1
166.0,65.6,1,0
176.8,63.5,1,0
158.5,50.0,1,0
177.5,90.1,-1,1
172.0,66.7,1,0
174.7,102.8,-1,1
163.5,92.4,-1,1
153.4,39.0,1,0
175.0,90.2,-1,1
149.4,80.0,-1,0
166.8,59.5,1,0
179.4,98.8,-1,1
171.9,83.9,-1,1
189.5,105.1,1,1
180.3,66.5,1,1
163.5,101.4,-1,1
170.3,65.2,1,0
169.5,82.9,-1,1
154.2,62.1,1,0
160.6,68.9,1,0
164.4,55.7,1,0
149.6,42.8,1,0
170.5,82.0,-1,1
167.5,68.2,1,0
153.3,53.1,1,0
174.0,85.6,-1,1
177.2,45.6,1,0
172.3,100.1,-1,1
166.8,67.3,1,0
175.9,96.2,-1,1
176.8,83.3,-1,1
173.1,89.8,-1,1
161.8,46.6,1,0
172.8,95.5,-1,1
182.0,88.2,-1,1
164.0,63.6,1,0
191.0,88.4,1,1
164.7,77.8,1,0
170.3,75.7,1,1
163.3,76.2,-1,0
172.2,103.6,-1,1
152.6,40.2,1,0
164.5,83.9,-1,0
159.1,65.4,1,0
171.4,97.9,-1,1
179.9,112.5,-1,1
176.5,76.8,1,1
146.3,58.3,-1,0
190.4,111.7,-1,1
173.0,88.2,-1,1
162.2,81.7,-1,0
171.6,68.3,1,0
171.8,60.2,1,0
163.3,48.5,1,0
172.0,74.9,1,1
163.9,69.9,1,0
166.0,70.6,1,0
163.1,74.4,-1,0
155.7,68.1,-1,0
171.5,76.8,1,1
175.9,83.7,-1,1
175.1,96.5,-1,1
178.2,59.4,1,0
173.2,91.8,-1,1
164.7,53.8,1,0
178.4,111.8,-1,1
156.4,59.9,1,0
161.0,69.7,1,0
160.4,41.1,1,0
180.8,94.6,-1,1
179.4,82.3,1,1
174.9,75.1,1,1
180.7,79.8,1,1
161.2,70.8,-1,0
173.5,94.7,-1,1
168.7,79.5,-1,1
178.5,104.8,-1,1
168.8,63.2,1,0
166.2,55.1,1,0
175.4,84.4,-1,1
178.8,92.6,-1,1
163.3,74.9,1,0
169.4,49.6,1,0
159.4,49.0,1,0
145.0,50.2,1,0
172.0,47.3,1,0
176.1,77.7,1,1
172.6,77.6,1,1
150.5,44.2,1,0
166.5,64.3,1,0
147.8,59.3,-1,0
183.7,54.1,1,1
159.1,57.9,1,0
182.6,78.0,1,1
179.5,74.7,1,1
161.0,64.5,1,0
158.7,83.5,-1,0
173.5,96.9,-1,1
161.6,51.3,1,0
171.0,59.3,1,0
165.2,65.5,1,0
152.2,75.0,1,0
147.7,31.6,1,0
172.3,71.2,1,0
164.4,66.6,1,0
164.5,91.1,-1,1
177.0,96.7,-1,1
181.7,48.5,1,0
167.3,90.0,-1,1
166.6,44.4,1,0
175.0,92.4,-1,1
156.4,75.2,-1,0
172.2,104.2,-1,1
175.5,85.8,-1,1
176.8,70.4,1,1
150.6,46.4,1,0
162.4,89.0,-1,0
161.2,95.3,-1,1
171.0,65.2,1,0
174.8,72.2,-1,1
185.0,118.6,-1,1
165.1,80.7,-1,0
165.0,60.9,1,0
181.5,72.3,1,1
173.0,64.2,1,0
182.7,107.5,-1,1
172.9,68.1,1,0
158.4,56.6,1,0
156.7,74.1,-1,0
154.5,57.2,1,0
176.6,85.3,-1,1
181.9,81.2,1,1
188.5,81.0,1,1
178.4,70.3,1,1
181.6,96.5,-1,1
164.2,72.8,-1,0
158.4,67.2,1,0
178.5,64.9,1,1
174.2,88.5,1,1
171.1,83.0,-1,1
173.9,88.8,-1,1
173.2,85.7,1,1
182.8,94.3,-1,1
182.9,58.6,1,1
175.4,102.6,-1,1
178.5,54.4,1,0
175.1,91.2,-1,1
165.4,67.2,1,0
177.6,45.7,1,0
156.1,63.3,1,0
180.5,57.0,1,1
158.1,79.1,-1,0
172.9,61.0,1,0
161.5,48.9,1,0
175.5,89.2,-1,1
169.7,75.5,1,0
154.1,70.3,-1,0
174.2,73.8,1,1
164.2,86.1,-1,0
178.8,77.0,1,1
170.0,41.9,1,0
174.0,51.2,1,0
160.4,67.2,1,0
164.1,52.7,1,0
165.4,93.6,-1,1
178.6,52.5,1,0
186.8,108.5,-1,1
161.9,54.8,1,0
180.8,112.2,-1,1
148.3,61.7,-1,0
158.1,69.1,-1,0
160.4,78.4,-1,0
156.5,75.6,-1,0
154.2,55.1,1,0
174.1,48.5,1,0
167.9,90.7,-1,1
173.8,70.6,1,1
176.9,131.0,-1,1
172.7,63.7,1,0
176.6,70.8,1,1
169.3,84.5,-1,1
158.1,70.2,-1,0
180.6,89.8,-1,1
164.1,58.3,1,0
160.6,42.7,1,0
168.2,55.0,1,0
160.9,37.5,1,0
165.8,102.8,-1,1
173.4,61.2,1,0
173.5,74.4,1,1
161.0,79.5,-1,0
165.1,68.2,-1,0
180.7,75.0,-1,1
175.0,73.8,1,1
190.8,72.2,1,1
181.8,72.6,1,1
181.4,95.0,-1,1
156.1,49.4,1,0
177.6,94.6,-1,1
169.5,73.1,1,0
164.5,54.1,1,0
171.7,63.7,1,0
179.5,103.1,-1,1
175.0,91.6,-1,1
161.2,68.7,1,0
177.4,67.4,1,1
163.6,76.1,-1,0
172.2,74.4,1,1
167.0,94.7,-1,1
167.8,74.0,1,0
177.7,106.1,-1,1
159.6,66.7,1,0
189.5,62.0,1,1
151.8,106.6,-1,0
164.0,47.9,1,0
173.7,52.8,1,0
175.8,54.1,1,0
169.0,122.6,-1,1
169.4,104.0,-1,1
174.1,78.4,1,1
167.7,73.4,1,0
183.9,89.7,1,1
178.4,55.7,1,0
178.7,107.8,1,1
160.3,80.9,-1,0
169.2,50.4,1,0
167.0,79.4,-1,0
159.9,59.0,1,0
173.6,76.0,1,1
164.6,56.7,1,0
176.6,75.8,1,1
159.3,59.2,1,0
187.2,115.2,-1,1
161.0,60.5,1,0
172.2,57.4,1,0
177.9,78.7,1,1
164.3,69.2,-1,0
178.5,81.0,1,1
157.7,76.0,-1,0
184.5,79.5,1,1
170.1,66.8,1,0
164.0,49.3,1,0
167.0,69.6,1,0
178.1,103.0,-1,1
164.2,61.3,1,0
162.5,58.1,1,0
167.8,57.6,1,0
158.2,40.1,1,0
188.2,113.6,-1,1
164.3,75.4,-1,0
178.3,94.2,-1,1
172.1,78.5,1,1
160.2,51.7,1,0
169.9,62.4,1,0
177.8,69.6,1,1
168.1,63.6,1,0
181.9,74.6,1,1
180.2,107.6,-1,1
179.2,119.2,-1,1
165.4,50.0,1,0
159.2,60.8,1,0
163.9,74.6,-1,0
172.0,56.5,1,0
175.5,82.6,1,1
148.3,59.6,-1,0
169.9,75.2,1,0
171.6,84.7,-1,1
167.2,69.9,-1,0
182.9,53.5,1,1
174.2,58.4,1,0
183.1,117.7,-1,1
167.8,83.4,-1,1
179.4,51.5,1,0
186.4,60.8,1,1
183.1,98.4,-1,1
159.1,54.5,1,0
167.5,49.1,1,0
166.5,91.1,-1,1
174.9,94.3,-1,1
176.9,62.6,-1,0
161.6,88.7,-1,0
170.7,63.4,1,0
149.8,47.7,1,0
184.4,70.0,1,1
164.9,43.5,1,0
170.6,75.6,1,1
166.9,82.5,-1,1
181.5,78.2,-1,1
145.0,64.6,-1,0
169.8,41.8,1,0
168.9,87.4,-1,1
165.5,73.8,-1,0
187.3,73.1,1,1
161.1,71.4,-1,0
177.7,67.0,1,1
173.6,95.3,-1,1
182.6,88.9,1,1
163.3,72.5,1,0
162.7,58.8,1,0
181.0,97.1,-1,1
174.3,93.3,-1,1
154.6,86.3,-1,0
164.6,62.9,1,0
173.9,90.4,-1,1
178.4,106.2,-1,1
163.2,58.7,1,0
145.0,70.3,-1,0
175.2,79.7,1,1
157.8,50.8,1,0
149.8,46.6,1,0
145.0,34.4,1,0
178.1,78.6,1,1
171.3,74.9,1,1
167.7,69.3,1,0
183.9,117.2,-1,1
176.4,82.1,1,1
186.2,75.9,-1,1
156.1,58.0,1,0
169.7,46.1,-1,0
153.8,65.3,-1,0
167.7,72.0,1,0
167.5,75.7,1,0
176.3,73.9,1,1
170.5,79.2,-1,1
176.2,48.5,1,0
177.0,73.6,1,1
191.5,83.9,1,1
166.8,66.0,1,0
160.6,52.6,1,0
172.5,82.9,-1,1
162.0,62.0,1,0
184.8,53.7,1,1
167.2,85.7,-1,1
164.3,63.2,1,0
165.3,66.5,-1,0
177.2,93.5,-1,1
168.4,89.2,-1,1
163.6,63.4,1,0
186.7,89.4,1,1
161.4,71.9,-1,0
170.4,94.5,-1,1
176.5,84.2,1,1
153.7,62.2,1,0
174.8,64.2,1,0
159.4,40.7,1,0
178.2,94.8,-1,1
160.4,51.8,1,0
176.9,60.9,1,0
181.1,94.6,-1,1
178.6,76.9,1,1
172.5,82.9,-1,1
167.7,48.6,1,0
164.2,52.7,1,0
184.7,123.8,-1,1
163.0,52.0,1,0
159.6,56.8,1,0
176.7,77.8,1,1
162.0,48.8,1,0
160.5,89.2,1,0
155.6,60.6,1,0
165.2,60.2,1,0
169.2,94.2,-1,1
172.4,90.6,-1,1
179.5,118.6,-1,1
175.3,73.4,1,1
168.1,107.8,-1,1
168.0,77.3,-1,0
175.1,107.7,-1,1
182.7,108.2,-1,1
171.3,62.0,1,0
165.3,58.7,1,0
160.1,41.0,1,0
155.5,35.1,1,0
176.7,66.6,1,1
175.8,100.7,-1,1
175.8,68.0,1,1
168.7,59.6,1,0
184.1,98.9,-1,1
165.2,50.0,1,0
179.6,116.2,-1,1
169.6,63.1,1,0
163.9,78.1,-1,0
175.9,73.7,1,1
174.1,71.7,1,1
173.6,100.2,-1,1
170.8,77.0,1,1
169.6,97.7,-1,1
193.9,76.3,1,1
181.8,51.9,1,0
177.2,55.0,1,0
171.1,99.6,-1,1
180.1,93.7,-1,1
175.2,76.4,1,1
170.3,82.0,-1,1
167.0,87.6,-1,1
169.2,68.3,1,0
145.0,33.6,1,0
172.1,42.9,1,0
165.1,54.3,1,0
185.9,83.4,1,1
170.2,60.4,1,0
158.1,81.7,-1,0
169.5,49.9,1,0
159.5,56.9,1,0
174.7,48.9,1,0
172.9,66.8,1,0
179.6,85.6,1,1
162.1,78.7,-1,0
170.3,74.6,1,0
156.3,68.3,-1,0
177.0,92.5,-1,1
175.2,88.6,-1,1
175.0,60.1,1,0
170.0,79.3,-1,1
174.1,98.3,-1,1
186.0,74.8,1,1
167.1,79.1,-1,0
171.4,87.2,-1,1
159.1,57.7,1,0
161.3,75.8,-1,0
171.0,66.3,1,0
181.0,85.9,1,1
167.4,66.1,1,0
167.6,75.2,1,0
165.9,80.1,-1,0
164.7,39.3,1,0
172.9,90.3,1,1
155.0,73.9,-1,0
182.8,72.0,1,1
163.3,66.2,1,0
177.2,60.1,1,0
157.3,53.7,1,0
176.7,83.1,1,1
176.7,131.9,-1,1
173.8,87.6,-1,1
160.1,51.0,1,0
172.5,83.8,-1,1
158.2,71.3,-1,0
167.5,44.9,1,0
180.3,75.1,1,1
178.0,76.5,1,1
170.2,78.8,-1,1
160.3,63.7,1,0
176.5,85.3,-1,1
170.2,51.8,1,0
146.8,46.4,1,0
177.8,74.0,1,1
169.8,87.8,-1,1
182.0,64.0,1,1
159.0,55.7,1,0
145.0,51.2,1,0
172.8,103.1,-1,1
172.9,86.7,-1,1
153.1,45.5,1,0
160.2,74.1,-1,0
197.6,73.9,1,1
166.9,74.0,1,0
177.3,99.6,-1,1
163.5,42.8,1,0
149.1,45.5,-1,0
168.3,77.7,-1,0
167.3,63.4,1,0
166.0,72.4,1,0
168.9,69.9,1,0
172.6,47.7,-1,0
168.5,77.3,-1,0
157.4,45.8,1,0
174.9,80.2,1,1
150.5,47.1,1,0
149.5,84.7,-1,0
177.4,81.1,1,1
175.1,87.7,-1,1
169.4,85.6,-1,1
156.0,62.2,1,0
162.9,65.9,1,0
167.4,53.4,1,0
154.0,61.3,1,0
162.6,46.3,1,0
176.5,87.0,-1,1
184.3,144.4,-1,1
165.8,71.6,1,0
177.6,90.0,-1,1
150.9,36.4,1,0
176.6,58.0,1,0
162.0,83.6,-1,0
173.1,44.4,1,0
167.5,62.1,1,0
183.2,100.4,-1,1
161.3,77.6,-1,0
176.3,71.0,1,1
167.2,76.1,1,0
168.4,73.0,1,0
168.2,49.8,1,0
161.5,68.0,1,0
169.9,80.6,-1,1
169.4,65.9,1,0
172.4,52.0,1,0
170.8,99.9,-1,1
178.0,53.7,1,0
179.2,86.5,1,1
159.5,68.5,1,0
178.7,75.9,1,1
158.1,69.9,1,0
175.9,67.6,1,1
176.2,117.6,-1,1
150.9,53.4,-1,0
170.9,88.8,-1,1
165.3,46.3,1,0
162.4,81.3,-1,0
183.5,74.7,1,1
163.5,48.5,1,0
161.9,52.7,1,0
170.8,62.4,1,0
176.9,80.3,1,1
168.6,115.8,-1,1
181.7,131.7,-1,1
175.3,75.5,1,1
148.2,64.3,-1,0
164.7,43.3,1,0
164.4,43.2,1,0
174.8,81.5,1,1
145.0,56.3,1,0
195.5,113.5,-1,1
175.3,92.1,-1,1
171.5,67.7,1,0
181.8,84.1,1,1
193.4,117.6,-1,1
178.7,97.9,-1,1
179.5,67.8,1,1
171.3,81.5,-1,1
168.6,82.1,-1,1
165.2,70.7,1,0
161.7,59.6,1,0
163.1,66.6,1,0
156.5,69.0,-1,0
169.2,58.5,1,0
153.2,45.3,1,0
171.9,110.4,-1,1
169.6,79.5,1,1
171.5,94.5,-1,1
164.8,71.3,1,0
200.0,131.2,-1,1
183.6,90.9,1,1
157.6,70.8,-1,0
172.3,58.9,1,0
163.9,47.0,1,0
159.9,56.6,1,0
156.6,40.3,1,0
174.3,48.6,1,0
163.2,71.4,1,0
179.7,51.7,1,0
179.9,99.4,-1,1
183.7,118.7,-1,1
161.5,46.5,1,0
174.8,81.6,1,1
176.3,112.4,-1,1
165.3,60.5,1,0
162.3,79.4,-1,0
186.1,141.5,-1,1
172.3,43.0,1,0
176.4,58.7,1,0
161.8,74.3,-1,0
157.8,98.5,-1,0
164.3,60.0,-1,0
168.8,117.1,-1,1
159.4,65.5,1,0
169.9,41.9,1,0
153.1,77.5,-1,0
158.8,56.0,1,0
176.7,81.8,1,1
176.0,49.6,1,0
166.1,56.5,1,0
159.8,44.7,1,0
159.7,40.8,1,0
166.3,74.9,-1,0
176.4,88.4,-1,1
179.3,65.0,1,1
165.0,48.7,1,0
158.5,47.3,1,0
172.7,85.7,-1,1
161.8,67.2,1,0
164.8,78.3,-1,0
183.3,115.4,1,1
178.3,95.2,1,1
171.6,80.8,-1,1
157.3,100.7,-1,1
172.1,64.7,1,0
180.6,128.2,-1,1
166.2,92.7,-1,1
183.5,78.2,1,1
182.9,99.8,-1,1
186.6,87.8,-1,1
173.1,49.1,1,0
175.9,77.2,1,1
184.1,54.9,1,1
174.5,84.9,-1,1
165.0,85.2,-1,0
165.5,69.0,1,0
172.4,82.9,-1,1
157.1,61.2,1,0
168.6,89.7,-1,1
181.0,83.6,1,1
148.1,50.7,-1,0
185.3,97.2,-1,1
181.2,85.2,1,1
165.4,47.9,1,0
175.4,75.1,1,1
170.0,63.3,-1,0
182.3,86.0,1,1
179.8,86.5,1,1
156.0,42.6,1,0
175.9,45.0,1,0
167.9,58.6,1,0
170.8,74.1,1,0
162.7,79.3,-1,0
187.5,56.2,1,1
180.4,68.2,1,1
162.6,69.3,1,0
156.7,44.0,1,0
166.1,74.6,-1,0
174.3,87.7,-1,1
172.4,56.4,1,0
182.5,94.8,1,1
177.9,76.9,1,1
179.7,53.6,1,0
173.3,72.5,1,1
156.1,67.6,-1,0
168.0,90.3,-1,1
180.6,113.7,-1,1
169.5,62.0,1,0
175.0,65.0,1,0
166.8,74.4,1,0
159.7,59.3,1,0
168.8,96.2,1,1
173.1,81.2,-1,1
163.4,71.7,1,0
167.6,81.1,-1,1
160.6,70.8,-1,0
181.2,83.2,1,1
167.1,74.2,1,0
184.5,82.2,1,1
185.3,67.2,1,1
169.2,106.1,-1,1
159.9,50.0,1,0
149.1,77.7,-1,0
155.3,65.2,-1,0
156.3,55.9,1,0
183.8,95.7,-1,1
171.2,87.1,-1,1
173.9,106.8,-1,1
147.8,40.6,1,0
158.0,60.3,1,0
178.9,106.4,-1,1
172.9,88.1,-1,1
168.5,79.3,-1,1
175.6,109.1,-1,1
186.4,88.3,1,1
167.8,49.3,1,0
170.7,70.8,1,0
171.9,114.0,-1,1
193.9,106.4,-1,1
149.0,47.6,-1,0
176.8,103.2,-1,1
168.9,81.5,-1,1
175.7,84.5,-1,1
163.4,80.2,-1,0
169.5,50.0,1,0
177.1,71.6,1,1
200.0,104.4,1,1
178.1,100.2,-1,1
161.5,60.5,1,0
165.8,68.3,1,0
165.5,88.0,-1,1
152.0,96.3,-1,0
166.7,50.8,1,0
177.3,86.0,-1,1
157.3,39.6,1,0
180.5,81.2,1,1
174.9,71.1,1,1
162.7,90.0,-1,1
168.6,51.1,1,0
186.0,59.3,1,1
177.3,107.3,-1,1
170.1,65.7,1,0
167.6,77.8,-1,0
170.8,78.1,1,1
164.9,51.0,1,0
149.0,45.0,1,0
190.4,115.2,-1,1
171.6,89.9,-1,1
174.0,75.4,1,1
169.4,73.7,1,0
162.6,71.2,1,0
168.1,72.9,1,0
154.0,73.7,-1,0
192.8,98.0,1,1
157.7,68.7,-1,0
159.7,78.6,-1,0
165.6,84.8,-1,1
182.9,117.7,-1,1
170.1,76.5,1,1
157.6,53.7,1,0
182.5,76.1,1,1
177.3,86.0,-1,1
175.4,79.5,1,1
177.2,121.5,-1,1
193.9,100.0,1,1
191.9,76.4,1,1
163.1,67.7,1,0
186.2,118.7,-1,1
173.8,56.2,1,0
175.0,61.0,1,0
153.1,59.5,1,0
168.3,64.1,1,0
161.9,40.3,1,0
178.3,55.6,1,0
180.7,81.3,1,1
149.3,65.3,1,0
169.8,64.3,1,0
181.2,80.7,1,1
168.1,78.0,-1,0
177.3,62.5,1,0
173.5,86.3,-1,1
173.4,79.0,1,1
167.3,78.8,-1,0
157.8,76.2,-1,0
158.8,103.5,-1,1
177.1,59.1,1,0
170.2,56.9,1,0
168.6,99.8,-1,1
165.8,79.4,-1,0
166.9,70.8,1,0
180.5,77.0,1,1
166.6,69.7,1,0
156.6,61.9,1,0
177.4,50.5,1,0
168.0,87.0,-1,1
170.3,50.8,1,0
186.1,74.1,1,1
169.8,64.6,1,0
172.9,108.7,-1,1
158.2,61.1,1,0
167.8,80.0,-1,0
176.1,61.2,1,0
154.4,72.1,-1,0
172.0,130.8,-1,1
171.0,81.7,-1,1
170.4,71.1,1,0
180.4,56.9,1,0
173.3,83.1,1,1
184.8,60.0,1,1
160.1,52.4,-1,0
171.4,94.2,-1,1
170.8,64.7,1,0
159.3,65.8,1,0
179.6,99.9,-1,1
193.2,77.5,1,1
169.8,49.8,1,0
175.1,89.7,-1,1
170.8,86.2,-1,1
162.9,61.1,1,0
151.8,45.5,1,0
162.9,44.9,1,0
156.1,71.3,1,0
187.0,127.7,-1,1
168.8,91.5,-1,1
166.5,67.8,1,0
178.9,89.0,1,1
158.8,54.2,1,0
162.3,71.7,-1,0
170.7,58.2,1,0
180.3,78.9,1,1
175.0,96.3,-1,1
172.5,84.4,-1,1
170.8,87.2,-1,1
174.0,83.3,-1,1
172.0,56.5,1,0
159.7,65.9,1,0
170.5,81.9,-1,1
159.3,63.5,1,0
170.8,65.0,1,0
165.2,64.6,-1,0
195.4,83.2,1,1
169.6,62.9,1,0
156.0,61.2,1,0
168.7,69.9,1,0
175.2,49.6,1,0
186.7,146.8,-1,1
164.1,46.5,1,0
154.2,61.1,-1,0
178.2,80.5,1,1
156.2,56.8,1,0
165.6,63.0,1,0
167.4,56.3,1,0
169.3,79.9,-1,1
176.9,77.8,-1,1
163.2,82.0,-1,0
167.3,98.8,-1,1
169.9,67.3,1,0
171.5,87.2,-1,1
171.0,100.0,-1,1
174.4,78.3,1,1
178.4,92.8,-1,1
173.9,62.6,1,0
174.5,102.6,-1,1
154.2,55.9,1,0
170.5,84.9,-1,1
174.8,99.2,-1,1
177.3,56.3,-1,0
163.1,55.8,1,0
163.4,51.4,1,0
164.3,80.9,-1,0
175.4,55.2,1,0
180.3,92.5,-1,1
165.9,85.0,-1,1
179.1,78.6,1,1
171.2,95.7,-1,1
168.8,45.6,1,0
167.9,80.7,-1,1
177.5,80.0,1,1
173.3,52.5,1,0
192.8,74.4,1,1
161.5,89.7,-1,0
175.2,88.4,-1,1
164.7,84.9,-1,0
161.3,80.0,1,0
169.9,44.3,-1,0
171.4,77.8,1,1
199.2,125.3,-1,1
168.2,68.1,1,0
158.7,79.8,-1,0
172.7,63.6,1,0
149.3,54.0,1,0
169.1,78.3,-1,1
170.2,81.2,-1,1
177.9,68.9,1,1
179.7,100.4,-1,1
165.0,79.1,-1,0
168.5,49.7,1,0
162.3,98.9,-1,1
158.7,52.3,1,0
173.1,113.9,-1,1
157.3,59.5,1,0
165.9,67.2,1,0
160.0,70.2,-1,0
175.5,59.5,1,0
188.0,56.6,-1,1
157.0,56.3,1,0
151.5,66.0,-1,0
168.8,97.5,-1,1
170.2,56.0,1,0
172.2,84.4,-1,1
165.5,66.8,-1,0
168.0,75.3,1,0
173.7,97.5,-1,1
180.4,71.4,-1,1
150.4,58.9,1,0
166.3,87.2,-1,1
172.1,96.8,-1,1
160.8,45.7,1,0
187.3,80.1,1,1
163.6,60.6,1,0
169.6,81.6,-1,1
175.6,77.0,1,1
164.1,72.7,1,0
151.5,74.6,-1,0
165.7,67.2,1,0
180.3,105.1,-1,1
166.6,44.4,1,0
161.5,63.0,1,0
179.3,58.8,1,0
166.7,71.4,1,0
164.9,80.2,-1,0
171.5,70.7,1,0
177.7,74.7,1,1
193.8,68.9,1,1
178.3,111.5,-1,1
181.6,82.0,1,1
164.9,64.7,1,0
159.7,91.5,-1,0
170.6,66.6,1,0
171.1,57.2,1,0
159.2,56.4,1,0
168.2,56.2,1,0
174.0,60.9,1,0
173.6,67.3,1,0
175.0,121.0,1,1
172.9,54.1,1,0
164.9,47.7,-1,0
164.9,76.6,-1,0
158.0,65.0,1,0
187.8,96.9,-1,1
170.1,67.1,1,0
167.8,59.9,-1,0
160.7,94.4,-1,1
199.4,63.6,-1,1
159.3,68.9,-1,0
165.7,84.1,-1,1
174.2,90.8,-1,1
176.0,76.4,1,1
179.6,56.5,1,0
188.1,125.6,-1,1
175.1,73.0,1,1
159.4,86.9,-1,0
167.4,76.3,-1,0
173.1,66.2,1,0
190.7,99.5,-1,1
156.0,81.3,-1,0
182.0,89.4,1,1
171.8,60.7,1,0
178.4,46.1,1,0
169.0,59.8,1,0
161.6,77.9,-1,0
177.5,59.7,1,0
176.5,90.7,-1,1
179.7,86.1,1,1
169.9,85.0,1,1
164.0,47.1,1,0
154.4,42.9,1,0
178.2,75.3,1,1
174.2,109.9,-1,1
160.3,52.6,1,0
164.6,65.7,1,0
165.3,99.5,-1,1
155.2,62.8,1,0
161.8,82.9,-1,0
158.7,53.2,1,0
165.9,88.3,-1,1
162.6,83.3,-1,0
153.7,69.7,-1,0
190.2,94.0,1,1
182.5,99.5,-1,1
162.2,38.2,1,0
172.7,89.6,1,1
174.2,60.4,1,0
181.9,72.2,-1,1
161.8,90.1,-1,0
180.9,108.3,-1,1
164.5,43.3,1,0
156.6,51.1,1,0
177.2,95.3,-1,1
182.9,48.5,1,0
195.9,128.6,-1,1
158.0,60.4,1,0
177.0,109.6,-1,1
165.9,56.5,1,0
177.8,71.4,1,1
155.3,71.6,-1,0
157.4,61.2,-1,0
162.2,46.2,-1,0
170.8,87.1,-1,1
163.6,42.8,1,0
176.6,109.6,-1,1
180.3,89.7,-1,1
176.0,60.9,1,0
186.2,110.5,-1,1
174.2,101.5,-1,1
157.8,66.1,1,0
183.6,125.3,-1,1
163.9,107.6,-1,1
179.1,91.2,-1,1
185.7,113.5,-1,1
174.6,95.5,-1,1
155.0,47.3,1,0
160.8,65.2,1,0
183.2,65.2,1,1
168.3,56.8,1,0
170.8,79.4,-1,1
177.6,82.6,1,1
177.0,50.1,1,0
172.8,80.8,-1,1
167.9,62.0,1,0
166.9,97.2,-1,1
178.6,102.0,-1,1
175.5,65.8,1,0
167.4,92.2,-1,1
180.8,92.3,-1,1
168.7,71.7,1,0
161.5,61.1,-1,0
162.4,51.7,1,0
160.2,45.4,1,0
167.3,40.6,-1,0
182.3,83.5,1,1
161.9,42.0,1,0
171.9,62.9,1,0
163.4,81.3,-1,0
167.4,99.4,-1,1
154.9,47.1,-1,0
167.8,80.7,-1,1
168.1,61.1,1,0
175.4,67.4,1,1
172.2,76.9,1,1
158.0,56.4,1,0
180.8,85.0,1,1
172.1,79.8,1,1
172.0,94.5,-1,1
169.9,96.0,-1,1
164.8,62.2,1,0
172.2,69.3,1,0
174.8,91.1,-1,1
152.5,59.1,1,0
164.6,79.4,-1,0
167.5,85.3,-1,1
172.6,97.1,-1,1
181.9,84.5,1,1
162.3,51.4,1,0
165.0,65.3,-1,0
164.9,55.6,1,0
162.0,77.8,-1,0
166.5,98.9,-1,1
177.7,108.4,-1,1
159.5,80.9,-1,0
174.3,63.5,1,0
153.0,78.2,-1,0
164.4,78.5,-1,0
166.7,59.9,1,0
186.7,105.2,-1,1
167.3,66.2,1,0
148.0,38.3,1,0
150.0,43.0,1,0
170.3,67.0,1,0
176.1,80.3,1,1
173.8,56.2,1,0
171.7,87.0,-1,1
181.6,92.8,-1,1
164.6,48.5,1,0
178.9,135.5,-1,1
153.7,41.8,-1,0
161.0,53.8,1,0
151.9,62.9,-1,0
167.3,58.1,1,0
169.5,96.9,-1,1
171.1,65.7,1,0
170.6,56.7,1,0
160.7,70.2,-1,0
168.1,49.4,-1,0
155.0,64.2,1,0
183.6,115.5,-1,1
167.0,48.8,1,0
165.1,61.5,1,0
185.9,60.5,1,1
157.6,66.0,1,0
158.7,93.1,1,0
159.0,66.7,1,0
169.3,63.6,1,0
174.3,44.1,1,0
177.4,57.8,1,0
195.7,98.5,-1,1
147.5,58.9,-1,0
176.1,83.9,-1,1
164.4,80.1,-1,0
164.1,52.7,1,0
163.8,67.7,1,0
160.9,60.9,1,0
186.8,67.6,1,1
178.4,67.7,1,1
170.2,77.5,-1,1
183.5,58.9,1,1
154.9,38.4,1,0
156.7,111.7,-1,1
148.2,46.2,1,0
163.0,93.8,-1,1
171.6,76.9,1,1
171.0,63.3,1,0
171.5,80.7,-1,1
155.9,58.3,1,0
178.0,80.6,1,1
172.4,73.5,-1,1
177.3,90.8,-1,1
151.1,51.1,1,0
173.1,66.3,1,0
158.1,51.6,1,0
166.0,48.9,1,0
175.3,106.4,-1,1
170.9,61.5,1,0
161.5,84.7,-1,0
170.1,66.1,1,0
154.7,67.6,-1,0
181.5,77.4,1,1
167.9,40.9,1,0
181.2,82.6,1,1
164.7,81.8,-1,0
164.8,52.3,1,0
162.4,106.6,-1,1
178.8,90.7,-1,1
162.9,83.4,-1,0
176.4,95.2,-1,1
166.2,48.3,1,0
150.2,66.0,-1,0
164.3,104.3,-1,1
158.2,74.0,-1,0
170.3,68.0,1,0
158.1,45.8,1,0
179.3,61.8,1,1
169.1,44.3,1,0
168.2,59.7,1,0
176.6,62.6,1,0
179.6,72.9,1,1
169.8,71.3,1,0
162.3,42.1,-1,0
152.3,50.8,1,0
163.1,57.3,-1,0
163.8,61.3,1,0
171.1,73.5,-1,0
166.5,71.4,1,0
176.9,65.6,1,1
163.9,56.3,1,0
169.4,75.7,1,0
181.8,111.3,-1,1
173.4,53.4,1,0
169.4,95.5,-1,1
164.0,43.0,1,0
163.7,76.8,-1,0
161.5,77.7,-1,0
164.6,46.2,1,0
177.6,85.5,-1,1
167.8,56.9,1,0
156.5,78.4,-1,0
187.7,56.4,1,1
173.2,58.9,1,0
155.9,59.1,1,0
165.6,80.2,-1,0
171.1,74.8,1,1
187.0,103.1,-1,1
158.9,58.6,1,0
179.8,54.8,-1,0
184.0,114.4,-1,1
163.7,75.0,-1,0
167.2,57.5,1,0
159.6,40.8,1,0
168.0,91.2,-1,1
169.6,93.8,-1,1
176.6,73.9,1,1
180.9,73.8,1,1
162.5,61.9,1,0
150.3,50.2,1,0
169.8,89.7,-1,1
172.9,58.8,1,0
172.5,68.4,-1,0
166.7,70.6,1,0
171.2,77.9,1,1
185.2,108.7,-1,1
173.8,81.2,1,1
166.3,98.2,-1,1
165.0,51.9,1,0
168.3,91.4,-1,1
186.4,67.0,1,1
168.2,68.2,1,0
169.8,83.1,-1,1
165.2,87.5,-1,1
181.0,74.2,1,1
189.6,103.7,1,1
174.5,74.9,1,1
170.8,46.7,1,0
170.4,71.9,1,0
146.2,37.5,1,0
177.5,107.5,-1,1
171.3,95.9,-1,1
174.3,60.7,-1,0
162.9,46.6,1,0
166.2,58.6,-1,0
165.9,77.6,-1,0
180.2,91.6,-1,1
166.2,124.3,-1,1
190.8,89.8,1,1
174.3,73.1,1,1
157.2,90.5,-1,0
168.7,76.1,1,0
163.5,45.4,-1,0
148.1,56.0,1,0
186.0,101.1,-1,1
177.0,76.6,1,1
175.3,91.5,-1,1
171.7,81.7,1,1
156.2,57.9,1,0
165.2,89.5,-1,1
178.4,69.4,-1,1
159.5,70.3,-1,0
145.0,45.0,1,0
167.7,49.2,1,0
168.6,72.9,1,0
171.4,107.4,-1,1
177.3,82.3,1,1
176.4,49.9,1,0
172.6,78.4,1,1
182.0,71.5,1,1
154.8,71.5,-1,0
175.0,77.0,1,1
176.3,54.4,1,0
157.6,73.4,-1,0
155.0,66.7,-1,0
162.5,65.3,1,0
163.4,46.1,1,0
177.5,117.4,-1,1
163.9,63.9,1,0
161.4,83.1,-1,0
163.9,59.7,1,0
181.2,95.5,-1,1
170.1,73.3,1,0
168.2,75.5,1,0
168.9,57.2,1,0
182.9,94.3,-1,1
162.5,88.3,-1,0
183.2,63.0,1,1
172.1,59.3,1,0
168.4,125.2,1,1
195.0,77.9,1,1
159.4,58.9,1,0
166.5,92.3,-1,1
157.7,87.0,-1,0
179.5,51.6,1,0
186.9,98.1,-1,1
186.7,83.1,1,1
182.2,80.1,1,1
168.0,90.3,1,1
166.3,63.4,1,0
153.3,51.5,1,0
190.4,83.6,1,1
174.7,69.9,-1,1
165.1,77.9,-1,0
183.3,110.7,-1,1
160.3,74.7,-1,0
174.1,71.0,1,1
168.3,84.3,-1,1
176.4,97.0,-1,1
169.4,81.7,-1,1
155.5,47.1,1,0
170.8,80.3,1,1
180.5,52.1,1,0
169.7,98.5,-1,1
177.8,108.0,-1,1
159.5,73.4,-1,0
169.7,97.9,-1,1
163.8,61.8,1,0
177.5,59.8,1,0
170.3,46.3,1,0
176.9,97.2,-1,1
180.9,62.1,1,1
176.9,75.9,1,1
172.7,83.1,1,1
160.0,67.3,1,0
170.0,81.1,-1,1
164.7,43.4,1,0
166.6,69.6,1,0
166.3,86.9,-1,1
160.2,57.5,-1,0
150.4,41.5,1,0
163.3,82.0,-1,0
171.9,61.9,1,0
156.5,64.0,1,0
170.2,64.4,1,0
189.0,89.3,1,1
180.2,106.1,-1,1
186.4,104.0,-1,1
173.9,48.9,1,0
181.7,75.1,1,1
162.8,59.7,-1,0
163.6,70.3,1,0
145.0,60.9,1,0
181.9,78.4,1,1
185.4,91.1,1,1
164.5,47.3,1,0
167.5,96.6,-1,1
162.5,67.3,1,0
173.8,84.8,-1,1
181.2,87.2,-1,1
152.6,47.5,1,0
174.1,71.3,1,1
167.2,56.9,-1,0
171.1,97.5,-1,1
174.6,53.3,1,0
168.1,54.5,1,0
169.0,65.9,1,0
167.9,100.0,-1,1
179.7,99.3,-1,1
174.2,53.1,1,0
172.2,67.6,1,0
157.3,72.6,-1,0
166.2,106.0,-1,1
179.0,78.4,1,1
170.4,56.3,1,0
176.6,88.7,-1,1
187.7,92.4,1,1
180.4,95.3,-1,1
170.9,89.5,-1,1
164.9,73.2,1,0
145.0,59.2,-1,0
168.3,98.6,1,1
166.7,64.7,1,0
173.9,53.4,1,0
168.5,76.3,-1,0
166.8,52.3,1,0
152.2,38.9,1,0
160.6,47.9,1,0
174.8,58.0,1,0
187.2,117.4,-1,1
169.0,68.0,1,0
173.3,83.3,-1,1
179.5,95.3,-1,1
161.9,66.2,1,0
173.7,88.3,-1,1
162.6,62.4,1,0
178.6,71.8,1,1
171.5,65.5,1,0
173.0,95.5,-1,1
162.2,68.0,1,0
177.1,94.3,-1,1
190.8,72.9,1,1
159.9,80.8,-1,0
166.6,86.4,-1,1
172.3,43.1,1,0
177.9,83.9,1,1
164.4,73.5,-1,0
145.0,51.9,1,0
183.6,112.3,-1,1
177.6,55.8,1,0
152.6,48.4,1,0
163.9,53.5,1,0
185.7,107.5,-1,1
184.5,64.1,1,1
179.4,46.7,1,0
168.2,78.1,-1,0
170.8,66.1,1,0
168.7,84.6,-1,1
181.3,103.1,-1,1
161.2,64.3,1,0
161.9,42.9,1,0
180.1,62.6,1,1
169.6,50.3,1,0
183.8,76.6,1,1
163.3,56.1,1,0
169.5,68.7,1,0
160.8,67.3,1,0
170.1,105.3,-1,1
155.2,72.2,-1,0
165.1,69.3,1,0
155.6,38.8,1,0
176.9,74.1,1,1
177.2,95.1,-1,1
152.7,60.3,1,0
183.3,62.9,1,1
195.0,80.7,1,1
170.5,69.6,1,0
163.6,60.4,1,0
198.2,83.7,1,1
156.8,39.3,1,0
170.2,59.1,1,0
171.8,78.2,1,1
183.5,101.8,-1,1
173.6,76.7,1,1
165.0,85.4,-1,1
160.5,67.0,1,0
166.6,58.9,-1,0
159.9,60.5,1,0
170.5,85.7,-1,1
164.4,63.2,1,0
155.1,47.2,-1,0
182.6,53.3,1,1
165.0,57.6,1,0
157.3,56.0,1,0
168.3,56.7,1,0
170.7,60.2,1,0
152.5,76.4,-1,0
173.3,90.4,-1,1
159.5,100.9,-1,1
187.1,56.0,1,1
175.2,82.5,1,1
166.0,61.7,1,0
162.5,62.4,1,0
169.0,107.3,-1,1
176.1,49.6,1,0
169.7,62.1,1,0
167.8,53.5,1,0
170.6,62.8,1,0
164.0,47.0,1,0
166.6,90.8,-1,1
149.1,70.0,-1,0
179.7,96.9,-1,1
173.0,55.3,1,0
162.3,74.2,-1,0
189.0,107.8,-1,1
170.9,84.2,-1,1
159.6,66.8,1,0
178.6,106.7,-1,1
174.0,67.3,1,0
173.9,77.1,1,1
165.7,79.0,-1,0
174.5,81.9,1,1
167.4,83.7,-1,1
175.6,91.5,-1,1
151.0,64.1,1,0
165.7,62.6,1,0
187.2,73.0,1,1
162.3,68.0,1,0
164.0,95.6,-1,1
165.5,72.2,1,0
157.9,67.5,-1,0
147.9,59.5,-1,0
167.7,104.6,-1,1
171.4,66.6,1,0
169.5,82.2,-1,1
168.6,58.8,1,0
170.4,53.1,1,0
180.2,85.9,1,1
168.1,86.4,-1,1
164.3,73.7,-1,0
167.2,48.9,1,0
175.8,86.2,-1,1
184.1,54.2,1,1
163.7,80.5,-1,0
171.0,87.0,-1,1
173.4,72.5,1,1
160.1,79.1,-1,0
170.2,67.8,1,0
155.3,66.1,-1,0
152.3,38.0,1,0
173.7,70.8,1,1
166.2,80.2,-1,0
172.0,54.8,1,0
169.8,81.9,-1,1
160.2,41.1,1,0
169.5,47.0,1,0
157.7,57.5,1,0
183.9,82.6,1,1
156.4,52.8,1,0
168.0,60.4,1,0
159.6,84.4,-1,0
175.7,94.6,-1,1
166.7,58.2,-1,0
164.8,61.5,-1,0
178.5,79.0,1,1
170.3,111.1,-1,1
175.2,72.4,1,1
160.2,92.2,-1,0
156.0,67.8,-1,0
171.1,75.7,1,1
166.8,54.6,1,0
176.3,92.2,-1,1
169.2,62.4,1,0
172.1,71.6,1,0
153.8,68.5,-1,0
188.9,84.0,1,1
168.4,59.9,1,0
177.0,72.5,1,1
161.6,54.6,1,0
173.1,78.5,1,1
157.0,62.1,-1,0
174.5,46.8,1,0
166.4,57.0,1,0
170.3,61.8,1,0
177.0,76.0,1,1
157.7,71.1,-1,0
163.2,55.3,-1,0
174.6,125.6,-1,1
191.0,121.5,-1,1
168.6,90.4,-1,1
175.9,62.8,1,0
168.9,45.7,1,0
189.4,87.8,1,1
152.5,65.7,-1,0
170.9,70.2,1,0
153.7,55.1,1,0
145.0,36.8,1,0
173.0,62.7,1,0
171.4,73.6,1,1
167.2,65.7,1,0
168.9,58.5,1,0
200.0,74.8,1,1
167.4,102.1,-1,1
175.1,94.3,-1,1
163.5,78.2,-1,0
173.0,84.2,-1,1
167.6,47.7,1,0
165.9,81.0,-1,0
188.2,117.2,-1,1
181.8,107.3,-1,1
171.4,84.4,-1,1
147.0,54.0,1,0
166.4,69.2,1,0
197.0,103.3,1,1
167.7,40.8,-1,0
181.0,94.5,-1,1
184.4,70.0,1,1
172.2,117.9,-1,1
161.6,60.6,1,0
145.6,58.7,1,0
176.8,85.6,-1,1
161.9,54.6,1,0
171.8,77.4,1,1
157.5,67.1,-1,0
167.3,87.2,-1,1
170.3,89.4,-1,1
172.7,77.9,1,1
158.9,50.7,1,0
182.0,67.1,1,1
164.0,98.1,1,1
153.3,59.9,1,0
168.9,106.9,1,1
170.3,58.3,1,0
171.6,116.8,-1,1
183.6,65.2,1,1
167.6,62.9,1,0
168.8,78.8,-1,1
159.0,78.3,-1,0
178.2,87.5,-1,1
171.8,47.2,1,0
165.8,63.4,1,0
151.0,41.3,1,0
184.4,56.9,1,1
157.7,65.7,1,0
164.1,43.1,1,0
173.6,97.9,-1,1
158.0,77.3,-1,0
155.1,83.5,-1,0
148.8,41.2,1,0
177.2,60.3,1,0
164.5,88.8,-1,1
199.3,120.2,-1,1
160.1,84.8,-1,0
160.8,78.7,1,0
164.3,71.1,1,0
172.4,66.1,-1,0
165.3,84.5,-1,0
176.1,69.3,1,1
160.2,65.8,1,0
156.2,59.1,-1,0
152.0,61.5,1,0
147.8,70.9,-1,0
164.8,62.2,1,0
167.0,61.3,1,0
163.7,69.3,1,0
182.4,64.7,1,1
182.3,96.3,-1,1
166.7,75.5,-1,0
152.1,60.8,1,0
164.3,68.8,1,0
164.0,47.5,1,0
163.4,89.2,-1,1
163.0,54.2,-1,0
163.5,60.8,1,0
166.1,83.3,-1,1
163.6,72.8,-1,0
172.1,105.1,-1,1
173.6,57.9,1,0
160.9,50.2,1,0
182.7,59.5,1,1
160.2,62.4,-1,0
153.8,51.8,-1,0
173.8,58.4,1,0
161.8,64.4,-1,0
173.2,56.4,1,0
146.0,76.2,-1,0
183.9,75.5,1,1
176.7,67.4,1,1
155.0,42.0,1,0
155.2,42.2,1,0
186.7,69.6,1,1
162.6,65.2,1,0
161.7,72.7,-1,0
147.3,38.0,1,0
166.5,72.7,1,0
167.7,80.9,-1,1
177.2,95.9,1,1
156.0,76.0,-1,0
154.8,39.6,1,0
174.5,86.0,-1,1
180.1,115.4,-1,1
154.3,75.9,-1,0
180.8,123.8,-1,1
170.4,72.4,1,0
180.9,75.1,1,1
169.3,45.9,1,0
145.0,40.0,1,0
168.5,62.0,1,0
180.6,79.7,1,1
161.1,56.4,1,0
166.1,74.6,-1,0
168.2,74.1,1,0
145.0,53.1,1,0
186.7,103.6,-1,1
161.0,61.4,1,0
175.1,92.2,-1,1
169.1,50.9,1,0
182.6,82.3,1,1
174.1,81.5,1,1
167.7,45.0,1,0
161.1,60.9,1,0
178.0,97.5,1,1
151.3,47.9,1,0
176.5,49.8,1,0
159.0,49.7,1,0
182.5,51.4,1,0
171.6,86.8,-1,1
176.4,80.0,-1,1
170.8,51.1,-1,0
152.5,40.7,1,0
161.4,57.7,1,0
176.7,78.7,1,1
171.7,66.2,1,0
181.8,89.6,-1,1
174.0,76.9,1,1
160.3,72.5,-1,0
162.0,47.3,1,0
171.0,72.7,1,0
146.9,67.8,-1,0
186.7,73.1,1,1
174.4,56.6,1,0
182.3,68.3,1,1
154.2,52.1,1,0
182.4,90.6,-1,1
192.3,74.0,1,1
156.8,39.3,1,0
177.7,101.4,-1,1
170.0,81.0,-1,1
154.6,61.9,1,0
174.9,70.2,1,1
178.3,78.1,1,1
164.0,50.3,1,0
181.7,57.8,1,1
153.3,78.2,-1,0
155.1,60.4,1,0
171.4,51.4,1,0
170.3,59.0,1,0
162.8,71.1,1,0
178.1,89.5,-1,1
175.3,63.0,1,0
178.6,63.9,1,1
168.8,65.7,1,0
176.0,49.6,1,0
165.5,60.7,1,0
190.5,80.6,1,1
161.9,89.5,-1,0
191.1,81.4,1,1
170.3,76.9,1,1
156.2,88.1,-1,0
183.7,67.8,1,1
171.3,66.7,1,0
178.5,69.4,1,1
182.2,53.1,1,0
173.4,70.4,1,1
164.1,86.1,-1,0
179.8,102.0,-1,1
170.0,92.8,-1,1
176.9,71.0,1,1
148.5,40.2,1,0
174.5,117.3,-1,1
163.6,66.4,1,0
186.5,50.5,1,1
176.2,125.4,-1,1
172.4,68.2,1,0
174.9,53.5,1,0
160.0,90.2,-1,0
186.2,50.3,1,1
189.9,91.0,1,1
173.9,90.9,-1,1
185.9,100.5,-1,1
164.3,88.6,1,1
162.0,85.6,-1,0
170.4,109.3,-1,1
174.3,74.3,1,1
166.1,66.2,1,0
175.4,70.5,1,1
173.1,95.1,-1,1
160.0,58.0,1,0
175.2,87.7,-1,1
178.6,58.5,1,0
171.7,54.4,1,0
181.5,100.9,-1,1
157.8,68.8,-1,0
174.7,48.8,1,0
158.3,46.0,1,0
158.9,40.4,1,0
163.7,60.9,1,0
160.6,60.2,1,0
164.5,60.0,1,0
167.9,90.8,-1,1
178.4,87.4,1,1
166.8,110.7,-1,1
154.1,67.0,-1,0
181.4,93.2,-1,1
161.6,73.5,-1,0
169.4,67.1,-1,0
174.5,68.8,1,1
172.0,65.3,1,0
180.9,73.2,1,1
174.8,74.7,1,1
161.4,71.1,-1,0
191.8,98.6,1,1
171.9,69.2,1,0
168.5,58.4,1,0
179.6,89.9,-1,1
172.5,57.8,1,0
174.0,67.9,1,0
194.9,82.9,1,1
167.2,110.6,-1,1
166.8,48.3,1,0
171.2,63.7,1,0
180.7,70.8,1,1
154.9,57.1,1,0
150.3,73.5,-1,0
164.1,63.2,1,0
153.7,43.8,1,0
165.8,96.4,-1,1
175.0,86.0,-1,1
161.1,71.4,-1,0
155.7,66.5,-1,0
170.7,46.9,1,0
178.6,79.6,1,1
153.1,70.1,-1,0
178.2,72.0,1,1
178.2,90.0,-1,1
179.5,91.1,-1,1
182.2,53.9,1,1
192.0,69.3,1,1
166.4,48.5,1,0
171.1,81.6,-1,1
165.8,104.0,-1,1
170.0,60.3,1,0
185.3,87.0,1,1
156.5,76.2,-1,0
161.4,73.2,-1,0
183.8,64.7,1,1
180.2,115.8,-1,1
166.4,76.6,-1,0
178.5,80.0,1,1
173.4,77.0,1,1
185.0,102.8,-1,1
170.7,57.8,-1,0
180.3,116.7,-1,1
196.4,131.4,-1,1
176.0,77.6,1,1
170.5,73.7,1,0
177.2,67.3,1,1
166.3,58.6,1,0
193.9,68.4,-1,1
171.8,74.6,1,1
167.3,71.0,1,0
161.6,45.7,1,0
181.0,100.3,-1,1
178.7,58.3,1,0
165.0,78.9,-1,0
175.8,96.8,-1,1
154.9,75.2,-1,0
171.8,93.3,-1,1
174.5,106.4,-1,1
187.1,104.6,-1,1
162.3,68.5,1,0
157.2,54.8,1,0
161.0,66.9,1,0
156.6,85.3,-1,0
183.4,85.1,1,1
185.5,91.1,-1,1
173.2,101.6,-1,1
182.2,78.4,1,1
171.3,63.8,-1,0
169.0,95.2,-1,1
166.7,55.7,-1,0
166.9,76.4,-1,0
154.5,59.4,-1,0
172.6,80.2,1,1
169.6,41.7,1,0
177.5,93.5,-1,1
170.9,72.0,1,0
168.4,77.1,-1,0
161.3,68.9,1,0
170.7,78.4,1,1
177.4,71.2,1,1
158.6,60.8,1,0
170.9,67.7,1,0
172.3,77.3,1,1
162.8,55.6,1,0
164.1,86.6,-1,0
172.3,72.8,1,1
158.7,48.1,-1,0
173.5,81.5,-1,1
161.0,90.2,1,0
180.6,63.6,1,1
193.4,90.7,1,1
161.4,85.7,-1,0
175.3,87.4,-1,1
162.7,76.1,-1,0
180.4,82.0,1,1
157.3,35.9,-1,0
174.8,85.7,-1,1
161.3,70.8,-1,0
167.9,89.6,-1,1
159.7,56.1,1,0
178.2,106.7,-1,1
161.6,56.5,1,0
175.5,72.7,1,1
166.6,57.4,1,0
168.9,93.5,-1,1
171.5,54.2,1,0
162.4,75.9,-1,0
172.1,64.1,1,0
185.3,79.8,1,1
162.2,42.1,1,0
181.7,93.2,-1,1
185.0,87.6,1,1
161.8,70.3,1,0
155.4,57.8,1,0
173.0,88.8,-1,1
164.5,71.0,1,0
188.7,99.5,-1,1
170.3,81.8,-1,1
162.0,68.7,1,0
158.5,45.5,1,0
180.9,78.1,-1,1
164.3,55.0,-1,0
170.4,97.5,-1,1
179.6,95.7,-1,1
165.2,72.9,1,0
169.5,62.2,1,0
169.8,58.4,1,0
176.8,80.5,1,1
175.9,111.6,-1,1
167.8,74.7,1,0
170.6,89.4,-1,1
166.3,73.7,1,0
155.2,64.8,1,0
172.6,70.4,1,0
188.9,85.0,-1,1
161.2,55.9,1,0
162.3,70.6,1,0
161.3,65.1,1,0
177.2,85.3,-1,1
174.5,53.5,1,0
168.4,82.9,-1,1
160.8,71.2,-1,0
170.9,71.1,1,0
154.4,65.1,-1,0
171.4,69.3,1,0
178.7,148.5,-1,1
157.5,69.0,-1,0
154.7,64.9,1,0
185.8,101.7,-1,1
163.9,58.7,1,0
181.4,71.3,1,1
168.5,88.8,-1,1
168.4,86.0,-1,1
174.4,102.3,-1,1
161.2,38.8,1,0
171.3,71.2,1,0
166.2,78.6,-1,0
156.8,75.8,-1,0
173.4,89.2,-1,1
167.4,59.9,1,0
168.4,79.7,-1,1
157.9,70.9,-1,0
185.9,87.8,-1,1
178.8,63.7,1,1
179.6,62.6,1,1
166.9,104.2,-1,1
152.7,75.6,-1,0
189.5,83.1,1,1
169.4,66.6,1,0
162.5,101.2,1,1
174.2,76.7,-1,1
181.7,75.2,1,1
169.8,58.3,1,0
182.8,83.9,1,1
180.8,57.2,1,1
159.2,71.3,-1,0
163.3,86.8,-1,0
179.6,105.2,-1,1
145.0,46.9,1,0
168.5,41.2,1,0
155.7,65.5,-1,0
165.2,89.9,-1,1
167.0,48.8,1,0
166.4,58.9,1,0
164.5,73.4,-1,0
159.0,50.5,1,0
192.9,54.0,1,1
188.7,67.8,1,1
158.4,57.9,1,0
185.8,50.1,1,1
166.0,86.6,-1,1
171.3,105.1,-1,1
169.4,76.5,1,0
163.4,78.4,-1,0
179.8,52.2,1,0
171.3,70.8,1,0
165.2,62.9,1,0
157.0,64.0,1,0
161.1,37.6,1,0
153.6,54.7,1,0
170.1,78.9,-1,1
158.0,62.3,1,0
167.3,87.4,-1,1
183.7,72.2,1,1
182.0,48.0,1,0
169.7,95.3,-1,1
169.1,80.3,-1,1
188.8,128.0,-1,1
175.2,78.1,1,1
166.7,76.4,-1,0
155.7,94.5,-1,0
173.9,48.4,1,0
178.3,88.0,-1,1
163.7,86.6,-1,0
172.9,78.6,-1,1
166.4,70.3,1,0
168.2,45.5,1,0
145.1,68.0,-1,0
167.8,92.7,-1,1
179.7,105.6,-1,1
163.7,70.7,1,0
170.5,67.1,1,0
162.4,69.8,-1,0
173.6,106.1,-1,1
167.8,70.2,1,0
160.6,91.3,-1,0
183.3,81.1,1,1
179.3,63.8,1,1
164.0,43.0,1,0
175.0,91.7,-1,1
175.4,86.5,-1,1
176.4,61.0,1,0
153.1,75.8,1,0
180.1,54.2,-1,0
164.3,83.0,-1,0
166.4,81.8,-1,0
196.4,115.5,-1,1
173.0,47.9,1,0
166.1,90.8,-1,1
147.9,52.8,-1,0
183.9,77.6,1,1
156.5,69.7,-1,0
160.0,74.9,-1,0
166.7,48.6,1,0
184.2,63.6,-1,1
177.7,106.4,-1,1
168.4,74.7,1,0
173.1,78.2,1,1
164.0,47.3,1,0
171.4,81.2,-1,1
170.7,94.2,-1,1
179.7,130.5,-1,1
179.7,69.0,-1,1
174.9,92.6,-1,1
166.4,95.9,-1,1
177.4,56.1,1,0
169.1,102.3,-1,1
159.2,66.4,1,0
166.0,74.2,1,0
170.8,63.5,1,0
179.1,73.2,1,1
168.2,62.3,1,0
157.9,51.8,1,0
170.6,80.6,-1,1
171.1,97.2,-1,1
171.9,55.3,1,0
179.2,66.9,1,1
180.2,91.0,1,1
164.1,53.3,1,0
163.8,67.0,1,0
159.6,63.4,1,0
177.0,50.1,1,0
184.5,94.7,-1,1
166.8,56.1,1,0
167.6,91.7,-1,1
184.7,76.1,1,1
175.1,63.5,1,0
174.4,80.0,-1,1
158.1,84.9,-1,0
176.8,112.7,-1,1
160.7,77.6,-1,0
158.7,54.0,1,0
166.5,65.7,1,0
164.1,65.8,1,0
167.8,67.8,1,0
155.6,56.8,-1,0
179.6,61.9,1,1
181.3,106.3,-1,1
150.5,68.3,1,0
179.8,81.3,1,1
161.9,89.3,-1,0
178.6,95.8,-1,1
169.3,56.8,1,0
170.3,66.3,1,0
168.1,100.0,-1,1
182.1,75.7,1,1
157.6,51.8,1,0
176.1,90.9,-1,1
181.0,76.4,1,1
177.2,89.0,-1,1
193.2,87.0,1,1
164.7,50.8,1,0
179.6,62.4,1,1
168.9,49.9,1,0
182.3,66.1,1,1
169.9,83.1,-1,1
166.1,89.0,1,1
183.1,76.5,1,1
165.1,49.7,1,0
155.9,73.7,-1,0
164.8,91.0,-1,1
176.2,91.1,-1,1
183.9,60.2,1,1
171.1,82.2,-1,1
183.2,95.0,-1,1
156.4,78.1,-1,0
165.6,66.9,1,0
167.1,57.2,1,0
168.9,64.4,1,0
170.8,89.2,-1,1
176.9,85.4,-1,1
165.6,47.0,1,0
171.4,107.9,-1,1
169.5,91.8,-1,1
160.7,94.2,-1,1
168.9,95.0,-1,1
168.6,55.2,1,0
168.3,80.7,-1,1
170.3,83.0,-1,1
170.8,49.4,1,0
165.7,49.3,1,0
182.7,103.4,-1,1
158.3,78.8,-1,0
162.8,103.9,1,1
197.8,91.7,1,1
159.6,44.6,1,0
156.5,59.0,-1,0
177.3,94.5,-1,1
149.2,54.1,-1,0
167.6,72.0,1,0
191.5,83.0,1,1
154.6,73.2,-1,0
150.2,69.8,-1,0
155.0,51.9,1,0
179.0,65.3,1,1
181.2,73.7,1,1
164.9,43.5,1,0
176.8,68.6,1,1
183.9,49.0,1,0
187.9,102.7,-1,1
167.5,87.2,-1,1
147.0,53.4,1,0
161.8,72.6,-1,0
165.7,86.3,-1,1
167.4,87.4,-1,1
168.1,104.7,-1,1
181.2,87.2,1,1
182.7,107.6,1,1
168.3,76.7,-1,0
181.0,79.5,1,1
173.6,87.6,1,1
170.6,82.4,-1,1
179.1,63.7,1,1
170.7,62.8,1,0
190.6,92.4,1,1
155.6,35.1,1,0
164.8,67.0,1,0
168.7,54.4,1,0
174.4,70.1,1,1
182.7,67.8,1,1
169.8,85.3,-1,1
155.8,70.8,-1,0
178.4,80.6,1,1
177.5,66.8,1,1
150.6,67.4,-1,0
170.0,87.8,-1,1
154.1,57.8,1,0
163.4,84.4,-1,0
161.0,61.8,1,0
178.1,83.2,1,1
171.2,63.2,1,0
157.1,55.9,1,0
178.8,72.7,1,1
155.7,74.2,-1,0
173.3,81.9,-1,1
161.9,48.9,-1,0
166.3,74.4,1,0
175.0,109.6,1,1
175.2,69.2,1,1
183.4,69.6,1,1
169.2,76.0,1,0
173.1,104.1,-1,1
165.6,65.5,1,0
171.8,110.9,-1,1
174.4,61.3,1,0
169.0,78.9,1,1
152.0,36.9,1,0
173.3,62.7,1,0
173.6,76.0,1,1
163.2,66.9,1,0
157.2,80.1,-1,0
184.8,76.1,1,1
174.9,88.8,-1,1
167.7,47.7,1,0
158.6,78.2,1,0
161.8,89.9,-1,0
183.0,109.6,-1,1
171.4,87.3,-1,1
164.5,66.2,-1,0
175.1,81.7,1,1
161.9,67.9,1,0
185.0,89.8,1,1
183.5,69.2,1,1
165.3,68.9,1,0
163.7,77.7,-1,0
145.0,61.8,-1,0
155.2,69.5,-1,0
156.6,74.3,-1,0
171.4,64.7,1,0
166.7,93.2,-1,1
156.5,57.7,1,0
167.2,44.7,1,0
175.1,69.4,1,1
175.3,87.4,-1,1
151.0,58.1,1,0
168.7,49.8,1,0
156.2,64.1,1,0
179.0,87.4,1,1
177.8,60.6,1,0
161.0,73.6,-1,0
162.3,67.7,1,0
165.4,39.7,1,0
147.5,60.2,-1,0
173.4,78.3,1,1
167.3,99.6,-1,1
179.7,64.0,-1,1
159.0,55.9,-1,0
163.8,88.3,-1,1
154.9,43.2,1,0
160.0,76.0,1,0
158.2,78.4,-1,0
180.0,87.1,1,1
163.0,63.8,1,0
171.2,61.9,1,0
166.2,61.2,-1,0
157.3,70.2,-1,0
168.3,45.3,1,0
176.0,71.7,1,1
157.9,51.9,1,0
178.1,55.7,1,0
161.5,72.0,-1,0
165.2,48.2,1,0
175.3,99.0,-1,1
163.4,85.4,-1,0
170.4,91.9,-1,1
166.9,60.8,1,0
171.3,77.0,1,1
146.2,67.2,-1,0
151.7,59.2,1,0
176.2,71.7,1,1
180.4,88.6,-1,1
160.9,61.5,1,0
167.6,52.2,-1,0
172.9,52.3,1,0
176.9,65.6,1,1
149.7,35.9,1,0
161.1,51.4,1,0
166.7,93.1,-1,1
177.0,54.8,1,0
195.0,99.6,1,1
167.7,86.7,-1,1
155.9,42.5,1,0
174.0,108.3,-1,1
183.2,82.4,1,1
171.1,92.6,-1,1
160.9,69.0,1,0
179.6,66.9,1,1
176.6,54.6,1,0
159.7,50.6,1,0
173.8,87.9,-1,1
180.0,110.9,-1,1
181.8,54.8,1,1
169.3,66.4,1,0
166.4,61.8,1,0
182.3,91.4,-1,1
157.9,63.7,-1,0
174.4,69.2,1,1
156.3,70.4,-1,0
180.7,68.0,1,1
167.4,70.3,1,0
182.7,103.9,-1,1
174.9,67.7,1,1
157.8,53.1,1,0
184.2,78.6,1,1
185.5,100.5,-1,1
178.8,86.7,-1,1
162.4,61.7,1,0
166.9,75.4,-1,0
171.5,51.4,1,0
163.0,83.7,-1,0
186.9,100.9,-1,1
171.4,64.6,1,0
145.0,46.8,1,0
173.4,74.1,1,1
166.5,54.2,1,0
169.3,58.6,1,0
166.3,74.3,1,0
178.1,99.4,-1,1
181.2,88.3,1,1
172.8,126.4,-1,1
166.6,94.4,-1,1
169.6,84.6,-1,1
170.2,84.6,1,1
162.0,67.0,1,0
175.8,91.2,-1,1
174.6,75.3,1,1
185.4,102.5,-1,1
182.6,77.7,1,1
163.1,61.2,1,0
178.2,101.8,-1,1
160.5,61.1,1,0
177.0,60.5,1,0
164.8,55.7,-1,0
159.8,75.3,-1,0
172.8,127.0,-1,1
145.0,44.5,1,0
152.5,67.1,-1,0
168.2,77.6,-1,0
170.8,92.7,-1,1
166.3,79.7,-1,0
154.2,80.0,-1,0
161.8,70.1,1,0
173.9,60.5,1,0
175.8,64.7,1,0
169.8,80.1,-1,1
181.6,96.6,-1,1
174.0,64.1,1,0
162.5,98.0,-1,1
167.2,85.7,-1,1
156.0,42.6,1,0
168.9,73.5,1,0
181.1,61.7,1,1
176.9,109.3,-1,1
184.0,49.1,1,0
167.0,72.5,1,0
183.5,91.7,-1,1
168.1,80.2,-1,1
184.7,86.8,1,1
169.8,112.2,-1,1
177.1,95.7,-1,1
184.8,54.6,1,1
168.1,98.7,-1,1
172.2,77.7,1,1
182.9,106.8,-1,1
168.7,61.4,1,0
156.8,42.1,1,0
191.4,64.1,1,1
165.3,85.7,-1,1
171.6,87.7,-1,1
181.6,70.7,1,1
163.9,47.0,1,0
159.9,80.8,1,0
172.5,52.1,1,0
152.1,91.4,-1,0
167.1,49.8,1,0
172.5,70.1,1,0
167.3,78.0,-1,0
154.6,65.0,-1,0
185.9,88.0,1,1
171.0,75.4,1,1
184.3,81.2,1,1
167.4,66.3,1,0
161.2,58.7,1,0
172.7,81.1,-1,1
167.8,40.8,-1,0
158.2,71.1,-1,0
184.7,83.3,1,1
163.8,80.6,1,0
151.6,56.7,1,0
183.3,96.1,-1,1
165.0,81.1,-1,0
163.9,69.0,1,0
152.3,62.9,-1,0
187.4,64.8,1,1
157.1,81.6,-1,0
170.6,67.6,1,0
179.1,76.8,1,1
174.2,56.7,1,0
169.4,58.5,1,0
153.0,78.1,-1,0
161.9,67.7,1,0
171.9,64.2,1,0
162.1,64.9,1,0
172.0,69.6,-1,0
176.8,91.7,-1,1
179.6,84.4,-1,1
157.7,61.7,1,0
192.0,71.7,1,1
177.7,68.6,1,1
170.0,74.9,1,0
180.9,81.2,1,1
193.7,84.4,1,1
155.6,56.8,1,0
167.7,77.7,-1,0
146.2,56.1,1,0
171.9,91.4,1,1
173.7,78.9,1,1
169.6,46.0,1,0
163.5,108.6,-1,1
149.5,59.1,1,0
173.7,72.6,1,1
184.6,89.1,1,1
164.1,60.9,1,0
174.4,56.5,1,0
154.3,71.9,-1,0
174.6,78.0,1,1
166.1,71.6,1,0
162.4,46.1,-1,0
162.4,62.3,1,0
166.1,55.3,1,0
173.8,70.6,1,1
156.9,61.3,1,0
166.0,62.9,1,0
169.6,63.7,1,0
159.0,64.7,1,0
188.0,82.9,1,1
161.5,44.8,1,0
163.3,42.7,-1,0
160.2,73.2,-1,0
188.0,82.7,1,1
175.5,49.3,1,0
160.6,83.8,-1,0
181.1,88.6,-1,1
172.0,57.3,1,0
172.6,66.3,1,0
166.6,86.8,-1,1
162.5,59.3,1,0
173.4,67.6,1,0
164.5,83.9,-1,0
188.2,79.6,1,1
157.3,80.1,-1,0
185.4,77.4,1,1
168.9,65.8,1,0
173.0,75.1,1,1
178.3,93.1,-1,1
163.7,75.0,-1,0
178.6,81.8,-1,1
145.0,42.4,1,0
162.8,55.1,1,0
160.8,79.6,-1,0
157.5,81.6,-1,0
167.9,88.0,-1,1
173.9,85.4,-1,1
177.0,82.0,1,1
172.4,77.5,1,1
163.3,68.8,1,0
173.7,85.6,-1,1
171.2,72.6,1,0
179.4,96.0,-1,1
177.8,101.1,-1,1
170.3,50.6,1,0
161.0,85.8,-1,0
163.5,61.9,1,0
164.5,91.3,1,1
166.8,95.0,-1,1
172.7,56.1,1,0
177.2,73.8,-1,1
169.5,41.7,1,0
170.2,70.0,1,0
171.4,79.7,-1,1
164.8,81.7,-1,0
160.7,65.7,1,0
152.4,64.3,-1,0
163.0,59.2,1,0
174.7,76.0,1,1
163.0,61.0,1,0
167.6,79.2,-1,0
174.7,106.3,-1,1
175.2,80.3,1,1
159.2,42.5,1,0
180.0,89.6,-1,1
181.3,96.1,-1,1
158.7,49.1,1,0
161.8,81.0,-1,0
181.9,70.9,1,1
168.5,53.8,1,0
147.8,38.2,1,0
156.0,64.8,1,0
167.5,104.9,-1,1
158.4,68.2,-1,0
165.9,56.7,1,0
170.3,81.5,-1,1
184.6,106.7,-1,1
167.1,93.4,-1,1
180.7,57.5,1,1
184.3,111.5,-1,1
184.3,94.4,-1,1
172.8,101.6,-1,1
150.4,62.0,-1,0
174.6,86.8,-1,1
180.5,58.0,1,1
169.2,92.8,-1,1
187.4,65.1,1,1
178.6,89.7,-1,1
175.7,69.2,1,1
180.9,80.1,1,1
173.3,94.7,-1,1
145.1,45.0,1,0
165.0,90.2,-1,1
182.0,74.7,1,1
161.9,67.6,-1,0
167.8,102.4,1,1
159.6,69.3,-1,0
187.8,81.3,1,1
186.8,90.2,1,1
161.2,59.8,1,0
171.5,55.8,1,0
163.2,95.5,-1,1
176.1,70.0,1,1
175.1,49.1,1,0
178.1,76.4,1,1
173.3,81.5,-1,1
199.4,100.4,1,1
159.7,59.2,1,0
152.9,59.6,1,0
166.1,71.9,1,0
154.3,71.2,-1,0
155.1,57.3,1,0
160.0,103.8,1,1
160.8,80.8,-1,0
160.5,64.3,1,0
175.2,47.8,1,0
164.9,74.0,-1,0
168.2,80.3,-1,1
178.9,95.8,-1,1
162.3,38.2,1,0
167.4,76.2,-1,0
173.7,71.2,1,1
150.6,77.1,-1,0
146.2,58.2,-1,0
173.5,43.6,1,0
174.9,87.8,-1,1
190.6,63.6,1,1
171.6,86.0,-1,1
178.2,133.4,-1,1
168.0,93.6,-1,1
173.0,79.4,1,1
186.7,73.3,1,1
148.8,75.6,1,0
174.1,91.9,-1,1
191.4,91.2,1,1
172.8,65.0,1,0
186.5,68.0,-1,1
163.7,73.0,-1,0
169.7,60.5,1,0
170.3,71.1,1,0
147.8,66.8,-1,0
158.3,56.0,1,0
159.0,69.2,-1,0
178.2,102.7,-1,1
178.7,92.2,1,1
173.2,87.6,-1,1
178.2,82.3,1,1
168.4,66.9,1,0
182.0,104.4,-1,1
170.1,95.9,-1,1
170.6,83.3,-1,1
167.3,71.0,1,0
176.8,70.4,1,1
165.8,62.4,1,0
179.8,104.0,-1,1
158.7,55.0,1,0
159.0,51.5,1,0
176.9,87.0,-1,1
169.1,67.6,1,0
165.5,92.8,-1,1
178.9,51.2,1,0
163.9,66.5,1,0
168.0,59.5,1,0
184.0,106.2,-1,1
185.4,75.0,1,1
185.7,79.5,1,1
167.2,89.8,-1,1
182.3,108.6,-1,1
160.5,62.9,1,0
160.9,63.5,1,0
146.5,73.2,-1,0
186.7,116.6,-1,1
161.4,77.3,-1,0
168.7,68.6,1,0
160.9,58.4,1,0
177.0,104.3,-1,1
166.2,79.2,-1,0
157.0,50.6,1,0
174.4,78.7,1,1
155.7,58.2,1,0
161.6,59.7,1,0
148.9,54.9,1,0
155.8,78.6,-1,0
171.8,87.6,-1,1
150.4,83.7,-1,0
155.2,82.4,-1,0
170.0,74.6,1,0
164.6,90.7,-1,1
189.9,97.8,-1,1
188.3,134.8,-1,1
161.3,60.1,1,0
175.6,80.8,1,1
177.5,67.4,1,1
164.0,65.1,1,0
155.0,55.2,1,0
169.9,93.6,-1,1
168.3,74.3,1,0
165.6,39.8,1,0
174.4,77.8,1,1
162.5,46.6,-1,0
158.5,56.1,1,0
171.1,97.8,-1,1
173.9,55.7,1,0
158.2,40.4,1,0
179.3,56.2,1,0
152.3,56.1,1,0
164.2,47.2,1,0
167.4,44.8,1,0
163.6,63.3,-1,0
164.3,76.7,-1,0
188.7,69.6,1,1
161.5,70.8,-1,0
194.4,97.0,1,1
174.4,81.3,1,1
170.9,54.8,1,0
174.8,112.7,-1,1
195.3,75.0,1,1
160.1,50.6,-1,0
158.8,74.6,-1,0
162.5,67.8,1,0
170.3,82.9,-1,1
152.7,50.5,1,0
170.2,46.8,1,0
186.9,50.7,1,1
171.5,100.5,-1,1
167.1,64.7,-1,0
163.8,68.4,1,0
179.0,109.9,-1,1
161.7,53.8,1,0
188.5,94.6,1,1
189.3,67.4,1,1
172.6,55.5,1,0
169.9,100.5,-1,1
180.3,118.4,-1,1
180.9,106.8,-1,1
161.9,85.0,-1,0
164.7,76.1,-1,0
156.8,50.5,1,0
174.1,81.1,1,1
176.7,68.6,1,1
156.5,42.9,1,0
165.4,90.9,-1,1
156.5,69.4,1,0
161.0,44.3,1,0
175.5,70.4,1,1
162.7,82.9,-1,0
167.0,76.1,-1,0
153.7,34.3,1,0
171.9,56.8,1,0
169.6,108.2,-1,1
162.7,71.2,1,0
168.1,92.8,-1,1
171.8,110.8,1,1
161.9,58.3,1,0
155.2,65.3,-1,0
188.1,61.9,1,1
163.7,57.2,-1,0
169.0,77.0,1,0
180.1,82.2,1,1
200.0,110.8,-1,1
157.6,79.6,-1,0
174.5,90.9,-1,1
162.9,71.6,-1,0
164.6,74.9,-1,0
162.8,53.2,1,0
158.7,52.8,1,0
169.6,95.3,1,1
155.3,71.7,-1,0
179.5,70.1,1,1
170.6,73.8,1,0
174.2,50.5,1,0
165.3,60.5,1,0
166.3,73.9,1,0
172.9,83.9,-1,1
158.4,64.4,1,0
166.4,58.7,1,0
161.4,52.1,1,0
161.1,83.6,-1,0
148.9,74.6,-1,0
183.4,95.2,-1,1
163.1,67.8,1,0
181.6,111.7,-1,1
180.7,70.0,1,1
157.1,81.0,-1,0
159.1,54.2,-1,0
195.6,88.8,1,1
187.5,86.2,-1,1
169.7,70.2,1,0
172.6,86.3,-1,1
163.7,46.0,1,0
174.3,60.4,1,0
162.8,73.6,1,0
149.7,63.5,1,0
156.8,43.0,1,0
170.2,54.3,1,0
158.7,36.5,1,0
169.3,59.6,1,0
159.3,52.9,1,0
162.2,73.7,1,0
178.5,55.8,1,0
172.5,86.0,1,1
169.9,63.3,1,0
178.8,78.2,1,1
174.8,94.2,-1,1
184.5,112.5,-1,1
165.4,61.7,1,0
165.7,57.7,1,0
157.0,56.4,1,0
165.7,61.8,1,0
179.6,52.9,1,0
183.0,78.1,1,1
179.6,63.0,1,1
152.1,59.2,1,0
180.8,120.2,-1,1
151.6,59.5,1,0
179.0,70.4,1,1
166.3,68.8,1,0
177.0,76.1,1,1
156.7,55.2,-1,0
181.7,66.4,1,1
155.4,38.6,1,0
163.3,80.8,-1,0
160.0,50.3,1,0
152.5,78.5,-1,0
170.9,66.6,1,0
188.1,77.5,1,1
196.7,85.8,1,1
171.0,75.7,-1,1
181.2,65.0,1,1
172.3,62.2,1,0
175.0,92.6,-1,1
166.6,52.4,1,0
172.0,88.1,-1,1
175.4,96.8,-1,1
164.2,82.3,-1,0
169.2,79.9,-1,1
169.4,41.6,1,0
178.3,56.4,1,0
159.3,39.0,1,0
169.5,69.6,1,0
189.1,95.5,1,1
181.6,58.9,1,1
183.5,85.7,-1,1
170.2,84.4,-1,1
173.2,57.0,1,0
180.0,60.2,1,1
185.6,110.5,-1,1
150.5,44.0,1,0
156.8,70.2,-1,0
183.1,108.7,-1,1
167.2,50.1,1,0
163.3,48.9,1,0
157.5,62.3,1,0
164.4,68.7,1,0
156.0,47.8,1,0
190.9,139.7,1,1
169.8,81.4,-1,1
169.4,57.9,1,0
175.9,52.0,1,0
179.6,74.6,1,1
179.5,89.0,-1,1
180.7,112.8,-1,1
163.7,68.2,1,0
167.0,69.9,1,0
177.7,60.4,1,0
164.7,69.8,1,0
169.9,85.5,-1,1
174.0,53.0,1,0
177.9,85.2,1,1
152.2,43.7,1,0
177.1,52.9,-1,0
167.7,103.1,-1,1
177.1,99.8,-1,1
177.8,67.5,1,1
186.1,83.2,1,1
183.5,72.7,1,1
183.5,56.4,1,1
184.4,79.1,1,1
172.9,84.3,-1,1
170.3,62.7,1,0
178.7,84.0,1,1
177.3,72.8,1,1
166.9,54.0,1,0
174.0,97.4,-1,1
169.6,41.7,1,0
161.5,89.2,1,0
182.9,103.7,-1,1
170.6,75.9,1,1
190.5,81.0,1,1
153.7,50.3,1,0
164.4,70.9,1,0
170.3,75.7,1,1
181.4,68.2,1,1
174.0,76.9,1,1
173.1,79.6,1,1
158.7,54.7,1,0
158.4,96.5,-1,0
173.2,72.6,1,1
156.4,35.4,1,0
164.7,55.4,1,0
175.0,94.1,-1,1
160.2,53.0,1,0
186.1,71.1,1,1
182.2,115.8,-1,1
154.3,58.4,1,0
160.7,55.2,1,0
147.1,37.9,1,0
162.2,79.5,-1,0
177.7,83.9,1,1
165.9,90.2,-1,1
174.6,60.8,1,0
154.8,50.9,1,0
178.0,84.9,-1,1
164.4,92.0,-1,1
170.1,81.2,-1,1
169.1,59.3,1,0
157.3,84.8,-1,0
158.5,58.1,1,0
179.7,79.4,1,1
174.0,89.3,-1,1
180.5,116.9,-1,1
173.2,77.2,1,1
171.4,123.5,-1,1
152.7,60.6,-1,0
167.3,79.1,-1,0
169.7,57.0,1,0
189.5,91.4,1,1
176.9,88.5,-1,1
185.4,107.5,-1,1
176.0,90.3,-1,1
162.9,57.9,1,0
171.2,82.2,-1,1
172.4,66.7,1,0
160.6,69.1,1,0
166.2,63.9,-1,0
167.9,51.1,1,0
186.1,57.9,1,1
149.2,40.0,-1,0
182.1,72.4,1,1
160.6,47.5,1,0
156.3,60.7,-1,0
181.8,79.8,1,1
177.3,93.1,-1,1
182.5,96.0,-1,1
178.0,77.8,1,1
190.6,117.9,-1,1
175.6,64.6,1,0
168.4,88.1,-1,1
173.4,82.5,1,1
182.4,75.3,1,1
162.2,83.6,-1,0
163.5,75.7,-1,0
166.9,55.8,1,0
149.0,57.0,1,0
171.4,79.8,-1,1
151.1,70.9,-1,0
170.5,82.9,-1,1
178.7,92.4,-1,1
165.2,65.1,1,0
186.8,88.1,1,1
155.4,56.7,1,0
181.9,52.9,1,0
176.8,106.9,-1,1
152.8,46.2,1,0
197.1,109.2,-1,1
169.4,61.7,1,0
161.2,65.2,1,0
155.9,74.3,-1,0
167.8,57.2,1,0
168.7,79.0,-1,1
171.0,81.3,-1,1
167.0,56.8,1,0
176.3,94.7,-1,1
166.1,91.6,-1,1
150.7,87.7,-1,0
168.5,66.5,1,0
146.3,52.8,1,0
173.5,84.4,-1,1
160.2,78.3,-1,0
171.6,109.0,-1,1
183.1,98.7,-1,1
160.5,76.2,1,0
180.6,65.0,-1,1
165.7,106.5,-1,1
187.5,77.9,1,1
166.3,48.4,-1,0
161.6,41.8,1,0
176.9,84.3,1,1
165.6,47.6,1,0
161.6,62.2,1,0
165.2,43.8,1,0
169.6,77.1,1,1
183.4,100.5,-1,1
150.7,55.7,1,0
170.2,56.0,1,0
176.2,98.7,-1,1
171.9,66.8,-1,0
183.1,80.0,1,1
169.3,67.2,1,0
168.2,66.1,1,0
175.9,116.8,-1,1
171.0,77.4,1,1
166.1,52.1,1,0
175.2,59.0,1,0
163.5,62.4,1,0
163.9,50.3,1,0
164.7,83.3,-1,0
183.5,60.6,1,1
145.0,54.2,1,0
174.0,89.5,-1,1
170.3,61.6,1,0
153.2,64.9,-1,0
173.1,78.7,1,1
174.8,75.8,1,1
175.9,91.5,-1,1
145.0,36.8,1,0
183.7,108.7,1,1
162.6,42.3,1,0
176.9,104.2,-1,1
177.4,82.2,1,1
161.2,72.4,-1,0
176.6,112.9,-1,1
166.1,84.5,-1,1
149.3,69.9,-1,0
181.7,71.7,1,1
162.2,56.2,1,0
161.5,82.2,1,0
166.0,76.3,-1,0
172.7,84.4,-1,1
169.4,70.8,1,0
175.5,69.4,1,1
156.6,44.5,-1,0
162.6,80.2,-1,0
168.8,68.2,-1,0
189.0,84.0,-1,1
168.9,45.6,1,0
180.9,83.6,-1,1
170.4,48.8,1,0
165.2,57.0,1,0
167.5,87.7,-1,1
168.3,71.9,1,0
176.0,75.5,1,1
183.7,64.6,1,1
173.6,65.4,1,0
181.9,109.2,-1,1
160.4,76.3,-1,0
165.9,61.1,1,0
162.8,64.5,-1,0
173.1,79.4,1,1
166.4,76.5,-1,0
177.3,82.8,1,1
160.7,37.4,1,0
170.4,72.1,1,0
176.9,71.8,1,1
149.3,83.3,-1,0
191.2,155.9,-1,1
167.2,80.6,-1,0
149.7,47.0,-1,0
171.6,81.2,-1,1
170.3,46.4,1,0
169.2,66.7,1,0
179.9,51.8,1,0
177.5,89.1,-1,1
173.0,53.1,1,0
174.5,70.9,1,1
169.0,74.9,1,0
187.8,92.8,1,1
155.2,53.4,1,0
171.4,83.8,-1,1
170.7,50.9,1,0
178.1,112.4,-1,1
161.6,45.1,1,0
152.6,55.3,1,0
171.6,84.6,-1,1
172.8,86.9,-1,1
184.9,101.4,-1,1
157.3,43.3,1,0
181.5,69.2,1,1
193.7,96.8,1,1
166.2,72.9,1,0
157.1,84.0,-1,0
165.9,60.3,1,0
170.1,56.7,1,0
175.6,62.4,1,0
164.1,107.8,-1,1
185.6,122.2,-1,1
158.9,56.7,1,0
152.6,79.7,-1,0
181.1,70.7,-1,1
147.3,66.6,-1,0
168.0,47.2,1,0
200.0,108.6,-1,1
169.9,85.5,-1,1
158.8,61.9,1,0
169.4,86.6,-1,1
169.5,62.1,1,0
171.6,79.0,1,1
176.6,69.0,1,1
159.6,72.4,-1,0
186.9,55.6,1,1
172.5,60.7,1,0
177.3,107.9,-1,1
163.7,46.9,1,0
182.9,65.7,1,1
167.4,67.7,1,0
172.8,81.0,-1,1
160.7,53.3,1,0
160.0,46.7,1,0
176.9,105.9,-1,1
165.6,85.9,-1,1
161.5,59.2,1,0
163.6,42.8,1,0
177.0,84.1,1,1
163.7,73.9,-1,0
168.8,64.1,1,0
170.2,46.3,-1,0
150.8,49.8,1,0
155.3,75.0,-1,0
173.4,96.2,-1,1
162.6,65.4,1,0
180.6,69.3,-1,1
179.7,99.8,-1,1
177.2,57.1,1,0
188.2,54.4,1,1
169.2,70.0,1,0
176.5,106.8,-1,1
164.2,88.9,1,1
194.5,70.4,1,1
189.8,80.6,1,1
170.1,114.6,-1,1
173.9,63.1,1,0
183.6,112.0,1,1
168.5,91.9,1,1
163.4,89.9,-1,1
178.7,66.5,1,1
170.8,70.0,1,0
171.8,57.7,1,0
161.7,77.9,-1,0
152.8,33.9,1,0
172.4,71.4,1,0
179.0,111.6,-1,1
167.7,80.4,-1,1
184.4,100.3,-1,1
163.0,38.5,1,0
159.5,52.2,1,0
169.3,87.8,-1,1
169.2,69.4,-1,0
177.7,59.2,1,0
162.3,75.7,-1,0
183.7,73.5,1,1
189.7,144.7,-1,1
169.6,82.3,-1,1
182.5,69.8,1,1
159.4,80.8,-1,0
180.8,118.2,-1,1
180.5,76.4,1,1
178.6,65.1,1,1
169.8,72.9,1,0
145.0,41.7,-1,0
163.6,62.8,1,0
163.7,40.7,1,0
160.2,81.5,-1,0
171.2,53.1,1,0
165.8,78.8,-1,0
161.8,64.6,-1,0
159.4,70.7,-1,0
162.8,58.7,1,0
181.2,86.0,1,1
163.4,73.7,-1,0
164.9,62.2,1,0
165.4,43.8,1,0
173.4,85.7,-1,1
174.6,78.8,1,1
145.0,37.6,1,0
180.2,62.1,1,1
184.4,83.0,1,1
159.5,40.7,1,0
160.3,71.3,-1,0
165.5,56.3,1,0
162.4,70.5,1,0
172.2,59.7,1,0
150.5,87.5,-1,0
158.8,45.3,1,0
185.4,75.6,1,1
160.7,83.2,-1,0
182.4,60.3,1,1
173.6,76.9,1,1
151.9,69.8,-1,0
176.4,49.8,1,0
168.8,55.5,1,0
165.4,71.6,1,0
172.4,78.0,1,1
174.7,61.3,1,0
177.1,113.0,-1,1
181.8,87.2,1,1
174.1,89.9,-1,1
156.2,71.5,-1,0
165.3,43.7,1,0
199.4,90.7,1,1
177.2,82.9,1,1
193.7,88.1,1,1
184.0,88.8,1,1
172.4,47.6,1,0
173.0,77.1,1,1
169.6,66.7,1,0
152.6,40.8,1,0
170.2,75.4,1,0
182.1,59.4,1,1
164.0,57.1,1,0
174.1,75.7,1,1
178.5,51.0,1,0
160.9,41.4,1,0
165.5,77.4,-1,0
159.8,50.8,1,0
161.8,63.2,1,0
157.1,62.8,1,0
161.0,41.5,1,0
184.2,76.5,1,1
160.8,63.0,1,0
171.3,108.8,-1,1
165.0,53.0,1,0
181.8,103.2,-1,1
183.1,83.8,1,1
178.6,62.8,1,1
173.1,63.5,1,0
167.7,84.9,-1,1
158.1,70.4,-1,0
189.4,78.5,1,1
162.4,75.3,1,0
176.6,58.6,-1,0
180.6,78.1,1,1
164.4,64.7,1,0
180.4,99.5,-1,1
177.6,87.7,-1,1
187.3,78.7,1,1
165.3,63.0,1,0
157.1,65.0,1,0
164.9,65.4,1,0
172.1,73.5,1,1
170.6,66.6,1,0
166.1,95.9,-1,1
150.9,50.8,-1,0
174.7,86.4,1,1
189.7,142.3,-1,1
174.6,56.2,-1,0
176.1,81.1,1,1
175.7,81.7,1,1
174.0,75.5,1,1
179.3,86.0,1,1
174.0,64.2,1,0
166.9,79.8,-1,0
162.0,45.9,1,0
167.5,104.6,-1,1
173.1,105.8,-1,1
166.8,68.3,1,0
173.1,89.4,-1,1
174.4,66.1,1,0
178.3,74.9,1,1
182.8,74.9,1,1
170.8,82.9,-1,1
156.9,49.3,1,0
166.5,78.3,-1,0
170.4,71.9,1,0
151.6,57.3,1,0
183.9,59.4,1,1
171.4,78.9,1,1
173.8,59.3,1,0
183.7,80.5,1,1
163.7,102.2,-1,1
175.7,56.1,-1,0
168.9,64.5,1,0
168.2,64.2,1,0
162.3,45.4,1,0
186.7,70.6,1,1
166.2,97.6,-1,1
177.0,115.7,-1,1
151.2,42.8,-1,0
181.8,85.6,1,1
180.5,58.6,1,1
171.0,65.6,1,0
167.7,45.0,1,0
174.0,114.4,-1,1
192.9,117.5,-1,1
152.4,52.4,1,0
177.8,89.2,-1,1
160.9,58.5,1,0
169.8,88.4,-1,1
167.5,68.6,1,0
165.7,65.4,-1,0
169.9,60.7,1,0
158.7,72.1,-1,0
180.3,124.4,-1,1
152.1,53.9,1,0
175.4,71.5,1,1
166.7,64.9,1,0
158.3,66.6,1,0
172.0,68.7,1,0
154.4,54.0,1,0
170.4,74.0,1,0
155.8,42.5,1,0
174.6,70.8,1,1
160.8,41.3,1,0
165.5,60.4,1,0
172.9,57.8,1,0
162.3,75.7,-1,0
169.4,63.4,1,0
154.9,54.7,1,0
176.3,49.7,1,0
187.6,109.6,-1,1
197.9,78.3,1,1
170.9,68.9,1,0
177.9,98.6,-1,1
152.2,68.8,-1,0
185.0,62.8,1,1
177.8,89.0,-1,1
165.2,49.4,1,0
182.4,87.8,1,1
167.5,56.9,1,0
165.4,55.8,1,0
174.8,81.6,1,1
159.4,56.3,1,0
180.2,115.7,-1,1
159.4,50.3,-1,0
159.5,49.2,1,0
160.9,50.8,1,0
177.6,73.8,1,1
163.8,68.9,1,0
156.5,65.8,1,0
163.9,85.9,-1,0
169.7,50.4,1,0
158.2,76.9,-1,0
158.5,49.0,1,0
191.1,100.1,-1,1
161.4,95.9,-1,1
166.8,52.0,1,0
166.3,51.1,1,0
165.8,55.9,1,0
176.2,76.0,1,1
179.5,105.0,-1,1
166.9,55.2,1,0
157.6,58.5,1,0
182.7,108.0,-1,1
169.0,77.9,-1,0
187.3,71.9,1,1
147.5,54.9,1,0
172.0,85.7,-1,1
189.2,123.4,-1,1
166.5,101.7,-1,1
167.7,89.4,-1,1
173.0,62.8,1,0
164.4,93.0,-1,1
166.9,57.3,1,0
166.6,44.4,1,0
163.7,72.8,1,0
182.3,112.5,-1,1
174.6,88.4,-1,1
172.5,68.6,1,0
178.1,84.8,1,1
167.4,83.2,-1,1
162.3,72.1,-1,0
164.0,58.4,1,0
170.0,59.4,1,0
159.4,69.1,-1,0
165.0,62.0,1,0
164.8,63.9,1,0
191.2,114.4,-1,1
145.0,52.6,1,0
168.2,67.2,1,0
187.3,91.7,1,1
171.2,115.1,-1,1
177.5,53.4,1,0
171.0,92.3,-1,1
163.3,57.9,1,0
147.6,56.9,1,0
172.1,55.1,1,0
162.2,95.5,-1,1
162.0,65.2,1,0
165.0,82.9,-1,0
187.4,61.5,1,1
194.0,74.0,1,1
172.2,85.9,-1,1
165.4,69.8,1,0
158.2,69.3,-1,0
174.7,114.8,-1,1
187.8,98.9,-1,1
167.5,58.4,1,0
146.2,48.3,1,0
176.7,59.0,1,0
179.9,72.6,1,1
154.1,53.9,1,0
171.8,71.4,1,0
174.5,90.4,-1,1
169.3,83.4,-1,1
162.1,63.8,1,0
180.2,89.9,-1,1
166.0,114.9,-1,1
155.1,49.7,1,0
149.5,58.7,1,0
182.6,48.4,-1,0
176.2,65.8,1,1
170.9,57.3,1,0
165.6,56.5,1,0
164.7,48.5,1,0
159.2,46.6,-1,0
165.7,74.8,-1,0
148.8,68.1,-1,0
162.6,53.9,1,0
166.9,44.6,1,0
176.1,74.9,1,1
169.6,80.0,-1,1
177.9,92.0,1,1
183.5,68.6,1,1
180.6,64.8,1,1
174.7,51.4,1,0
170.1,55.2,1,0
160.2,55.8,-1,0
177.4,69.1,1,1
186.8,82.0,1,1
173.4,81.8,-1,1
189.2,65.9,1,1
154.7,61.4,1,0
158.5,52.9,1,0
178.6,51.0,1,0
172.6,88.7,1,1
183.1,65.5,1,1
169.8,46.2,1,0
161.3,73.8,1,0
167.9,66.2,1,0
154.7,69.9,-1,0
158.7,69.3,-1,0
179.7,59.5,1,1
178.7,97.7,1,1
173.6,43.7,1,0
152.8,52.8,1,0
166.4,61.5,1,0
157.8,46.9,1,0
181.8,106.9,-1,1
164.2,72.2,1,0
159.1,45.7,1,0
170.3,50.5,1,0
163.6,97.5,-1,1
184.8,75.6,1,1
162.7,57.5,1,0
156.0,77.7,-1,0
148.5,35.3,1,0
169.7,100.3,-1,1
164.4,50.6,1,0
155.7,64.5,1,0
181.9,73.2,1,1
176.7,54.6,1,0
169.7,75.1,1,0
183.6,108.5,-1,1
176.6,49.9,-1,0
161.8,51.2,1,0
159.6,82.6,1,0
178.2,91.7,1,1
174.0,79.5,1,1
171.7,90.2,-1,1
161.5,68.6,1,0
176.1,84.9,-1,1
162.4,87.6,-1,0
169.0,64.7,-1,0
184.5,89.8,1,1
163.4,84.0,-1,0
154.3,48.6,1,0
159.5,85.3,-1,0
179.9,91.5,-1,1
172.5,53.9,1,0
168.7,67.9,1,0
164.9,49.5,1,0
174.9,73.4,1,1
161.5,63.2,1,0
173.1,63.8,1,0
162.7,46.3,1,0
161.0,56.4,1,0
163.6,60.0,1,0
166.2,67.1,1,0
169.5,47.4,1,0
172.4,74.6,-1,1
145.0,40.1,1,0
161.9,76.1,-1,0
166.1,82.5,-1,0
185.1,85.5,-1,1
159.2,83.5,-1,0
171.6,71.1,1,0
185.0,58.8,1,1
156.9,79.0,-1,0
173.9,100.4,-1,1
162.0,85.2,-1,0
165.0,55.6,1,0
162.0,50.1,1,0
162.7,60.6,1,0
197.2,149.2,-1,1
178.4,57.1,1,0
181.0,103.0,-1,1
174.9,74.8,1,1
153.9,72.7,-1,0
173.9,52.8,1,0
180.7,81.7,1,1
161.5,51.1,1,0
179.7,59.6,1,1
177.0,92.2,-1,1
188.5,65.0,1,1
165.8,73.5,1,0
159.0,67.9,1,0
166.4,53.4,1,0
184.4,69.9,1,1
151.7,65.6,-1,0
149.3,58.7,1,0
170.9,73.7,1,0
165.6,68.8,1,0
170.1,71.5,1,0
179.5,84.9,1,1
164.5,95.0,-1,1
151.3,64.5,-1,0
190.4,87.8,1,1
160.0,51.2,-1,0
159.4,61.0,1,0
181.0,63.8,1,1
166.2,55.8,1,0
169.4,45.9,1,0
174.8,80.8,1,1
180.8,117.4,-1,1
166.7,72.7,-1,0
185.2,100.7,-1,1
148.6,71.3,1,0
177.6,78.2,-1,1
161.6,61.8,1,0
183.7,61.2,-1,1
171.4,81.3,-1,1
163.3,67.5,1,0
176.6,62.0,1,0
178.9,102.1,-1,1
176.4,63.3,1,0
159.7,107.3,-1,1
165.2,74.8,-1,0
170.0,67.5,1,0
169.6,105.4,-1,1
177.5,50.4,1,0
149.9,55.7,1,0
173.3,62.8,1,0
167.1,71.0,1,0
161.6,68.8,1,0
162.6,62.7,1,0
167.9,94.1,-1,1
145.0,58.1,1,0
163.0,74.1,-1,0
161.2,76.1,-1,0
175.3,53.1,1,0
161.9,64.8,1,0
167.8,78.7,-1,0
185.4,67.9,1,1
179.9,98.2,-1,1
179.0,46.5,1,0
165.0,113.3,-1,1
175.4,80.9,1,1
167.7,55.8,1,0
168.0,85.3,-1,1
174.1,87.2,-1,1
164.0,96.3,-1,1
184.9,127.2,-1,1
168.4,48.3,1,0
176.2,72.6,-1,1
184.6,61.5,1,1
180.3,90.9,-1,1
155.9,81.4,-1,0
174.4,52.0,1,0
178.5,78.5,1,1
178.9,72.7,1,1
158.9,79.7,-1,0
163.4,69.3,1,0
179.9,103.8,-1,1
162.4,63.2,1,0
167.0,63.6,1,0
185.8,94.4,-1,1
169.5,71.5,1,0
162.7,74.9,-1,0
161.2,88.7,-1,0
173.3,109.1,-1,1
156.7,50.5,1,0
167.5,110.5,-1,1
173.3,61.5,1,0
183.0,101.2,-1,1
176.7,68.8,1,1
162.9,53.9,1,0
181.8,106.9,-1,1
167.0,73.1,1,0
157.6,85.0,-1,0
168.3,87.8,-1,1
184.4,98.5,-1,1
171.7,79.0,1,1
170.1,86.9,-1,1
186.4,100.9,-1,1
155.7,58.3,1,0
157.1,68.0,-1,0
153.8,80.5,-1,0
173.7,76.3,1,1
171.7,69.4,1,0
185.4,73.1,1,1
172.4,93.9,-1,1
166.0,60.8,1,0
170.0,78.5,-1,1
171.2,68.2,1,0
153.3,75.3,-1,0
197.1,106.5,-1,1
175.2,107.6,-1,1
172.1,103.2,-1,1
176.2,75.9,1,1
177.1,108.2,1,1
168.6,65.3,-1,0
163.7,75.3,-1,0
176.0,67.6,1,1
173.9,90.9,1,1
161.9,70.3,1,0
184.2,95.3,-1,1
172.9,50.4,1,0
177.3,55.0,1,0
183.9,66.7,1,1
170.2,81.1,-1,1
173.2,91.6,-1,1
178.1,105.6,1,1
162.8,63.8,1,0
170.5,76.4,1,1
171.3,61.0,1,0
160.4,89.3,-1,0
193.2,77.4,1,1
155.9,78.0,1,0
157.0,57.9,-1,0
183.1,120.6,-1,1
177.1,81.9,1,1
159.7,66.3,1,0
176.1,68.1,1,1
184.7,129.6,-1,1
169.7,89.1,-1,1
196.0,107.8,-1,1
152.8,65.2,-1,0
176.9,70.6,1,1
181.7,95.8,-1,1
178.9,78.7,1,1
168.0,71.5,1,0
167.1,84.7,-1,1
174.4,81.3,1,1
178.2,79.7,1,1
176.0,108.8,-1,1
180.4,65.4,1,1
159.8,40.9,1,0
167.7,61.1,1,0
160.6,70.7,-1,0
166.1,84.6,-1,1
180.2,66.6,1,1
171.1,136.1,-1,1
196.1,94.5,1,1
171.9,72.2,1,0
170.6,45.9,1,0
171.1,47.8,1,0
163.6,38.8,1,0
169.4,99.7,-1,1
181.3,106.1,-1,1
171.1,73.2,1,0
162.1,50.5,1,0
160.7,64.2,1,0
165.5,91.8,-1,1
170.7,68.4,1,0
181.9,64.8,1,1
156.6,52.0,1,0
166.8,68.8,1,0
171.4,86.5,-1,1
151.7,36.8,1,0
161.7,71.9,-1,0
163.2,51.5,1,0
162.0,53.3,1,0
171.9,91.7,-1,1
168.4,53.0,-1,0
164.4,66.5,1,0
174.3,80.1,-1,1
187.2,99.8,-1,1
186.4,106.8,-1,1
150.8,64.6,-1,0
175.8,95.2,-1,1
168.2,51.5,1,0
171.6,97.7,-1,1
166.0,49.3,1,0
171.2,84.2,-1,1
171.5,61.5,1,0
164.2,47.2,1,0
161.0,59.9,1,0
165.5,66.5,1,0
172.3,99.0,-1,1
176.0,111.2,-1,1
178.5,72.4,1,1
165.1,45.4,1,0
172.8,51.3,-1,0
179.6,95.6,-1,1
181.7,101.5,-1,1
169.4,61.3,1,0
167.8,50.5,1,0
171.9,87.0,-1,1
158.5,44.3,-1,0
168.1,67.3,1,0
177.4,92.4,-1,1
176.4,49.8,1,0
167.3,90.2,-1,1
172.2,116.5,-1,1
161.8,71.1,-1,0
177.0,73.0,1,1
169.2,76.6,1,0
167.2,73.7,1,0
166.4,61.2,1,0
169.4,52.4,1,0
165.5,66.8,1,0
176.6,80.8,1,1
166.0,52.4,1,0
185.9,58.5,1,1
184.7,76.2,1,1
161.1,44.1,1,0
170.7,80.2,-1,1
163.5,38.8,1,0
166.7,50.0,1,0
190.0,126.3,-1,1
166.9,61.8,1,0
173.6,74.1,1,1
175.4,74.5,1,1
160.0,54.4,1,0
161.4,86.2,-1,0
157.9,53.8,1,0
161.1,48.1,1,0
145.0,60.8,-1,0
175.4,49.2,1,0
190.5,90.0,1,1
171.5,64.4,1,0
155.8,56.3,1,0
163.6,63.1,1,0
165.4,74.6,-1,0
159.8,80.7,-1,0
178.6,93.3,-1,1
178.1,77.6,1,1
158.4,68.5,-1,0
177.3,97.4,-1,1
185.3,93.2,-1,1
189.0,111.8,-1,1
198.7,57.2,-1,1
161.0,61.3,-1,0
198.2,105.5,1,1
166.5,44.6,1,0
164.1,66.8,1,0
173.3,91.5,-1,1
164.2,63.8,1,0
174.0,87.6,-1,1
156.8,76.6,-1,0
167.6,92.9,-1,1
182.9,106.9,-1,1
169.4,99.6,-1,1
171.4,60.2,1,0
174.8,73.8,1,1
181.7,57.8,1,1
153.4,43.8,1,0
175.8,99.9,-1,1
167.3,55.6,-1,0
171.7,80.7,-1,1
180.6,81.4,1,1
158.1,77.3,-1,0
159.9,37.1,1,0
150.6,64.9,-1,0
164.5,73.1,-1,0
183.3,66.7,1,1
168.8,87.6,-1,1
156.6,40.7,1,0
165.1,85.6,-1,1
155.1,38.5,1,0
158.7,49.3,1,0
173.9,77.6,1,1
158.3,65.9,-1,0
181.1,47.6,1,0
169.3,89.6,1,1
170.9,81.8,-1,1
167.2,97.6,-1,1
177.7,92.3,1,1
177.8,69.8,1,1
173.4,55.8,1,0
175.6,69.3,1,1
167.9,107.3,-1,1
175.4,82.4,1,1
166.6,70.9,1,0
170.0,100.5,-1,1
167.3,46.2,1,0
165.4,77.3,-1,0
163.1,78.7,-1,0
174.7,98.4,-1,1
183.1,101.0,-1,1
181.7,81.4,1,1
157.4,41.4,1,0
182.9,72.3,1,1
166.8,83.6,-1,1
176.0,111.9,-1,1
160.9,41.9,1,0
171.4,50.7,1,0
173.1,52.5,1,0
155.2,52.7,-1,0
176.1,99.8,-1,1
183.5,110.7,-1,1
168.3,45.3,1,0
183.6,65.0,1,1
168.1,42.8,1,0
178.5,63.1,1,1
147.8,55.0,1,0
194.2,90.9,1,1
185.0,96.1,-1,1
167.2,48.9,1,0
150.3,52.8,1,0
172.9,103.7,-1,1
155.6,80.9,-1,0
174.4,111.0,-1,1
174.1,87.5,-1,1
160.6,50.5,1,0
181.2,90.5,-1,1
178.1,127.3,-1,1
179.8,75.3,1,1
170.1,108.5,-1,1
155.8,38.9,1,0
179.8,96.7,1,1
167.3,85.0,-1,1
156.1,66.4,-1,0
183.5,98.1,-1,1
191.0,102.6,-1,1
169.6,86.0,-1,1
191.6,90.0,1,1
170.9,72.7,1,0
166.2,42.4,1,0
163.7,78.8,-1,0
186.4,114.0,-1,1
162.2,93.3,-1,1
177.4,63.1,1,1
164.4,43.2,1,0
165.4,74.6,-1,0
180.3,58.7,1,1
166.2,78.5,-1,0
166.0,39.9,1,0
181.3,98.7,-1,1
186.0,94.8,-1,1
176.4,49.8,1,0
163.5,71.7,1,0
164.9,73.6,-1,0
170.8,77.7,1,1
173.2,89.4,-1,1
160.1,41.0,1,0
177.2,74.4,1,1
170.9,75.8,1,1
152.8,57.8,1,0
160.7,63.0,1,0
165.0,85.2,-1,0
169.3,41.5,1,0
188.9,83.0,1,1
172.4,75.0,1,1
161.6,67.5,1,0
172.2,56.7,1,0
166.5,104.9,-1,1
173.2,88.2,-1,1
175.8,118.3,1,1
182.1,90.7,-1,1
169.8,89.5,-1,1
186.4,86.8,1,1
179.1,115.1,-1,1
162.9,75.4,-1,0
192.1,88.0,1,1
173.3,108.3,-1,1
161.6,48.8,1,0
186.5,71.7,1,1
190.8,157.8,-1,1
169.7,87.9,-1,1
165.0,43.5,1,0
168.3,83.9,-1,1
177.1,59.2,1,0
182.8,72.0,1,1
175.7,129.1,-1,1
171.0,106.6,-1,1
185.0,131.7,-1,1
166.9,55.3,1,0
180.3,75.6,1,1
167.1,69.3,1,0
174.3,91.8,-1,1
168.9,65.4,1,0
169.4,99.8,-1,1
166.2,81.4,-1,0
183.4,114.2,-1,1
162.7,49.8,1,0
162.6,59.5,1,0
191.2,102.3,-1,1
179.8,76.7,1,1
146.1,66.8,-1,0
164.3,88.9,-1,1
151.9,50.9,1,0
160.5,78.4,-1,0
145.0,78.3,-1,0
168.6,88.9,-1,1
158.6,72.7,-1,0
170.6,95.4,-1,1
153.7,79.4,-1,0
170.8,99.5,-1,1
165.9,67.6,1,0
185.0,109.2,-1,1
184.1,83.8,1,1
177.9,82.8,1,1
166.7,81.7,-1,0
189.9,58.8,1,1
154.5,64.9,-1,0
156.0,50.7,1,0
169.2,55.5,1,0
192.5,110.4,1,1
168.0,61.9,1,0
168.2,70.2,-1,0
155.6,53.4,1,0
179.5,63.8,1,1
179.5,82.9,1,1
177.9,48.5,1,0
163.7,65.5,1,0
162.9,93.9,-1,1
157.1,47.6,-1,0
170.8,93.6,-1,1
159.2,95.1,-1,0
158.2,54.5,-1,0
165.8,78.2,-1,0
165.1,42.8,1,0
164.6,44.2,1,0
174.7,74.8,1,1
170.8,84.5,-1,1
167.1,60.3,1,0
171.8,58.2,1,0
160.1,52.0,1,0
171.1,88.8,-1,1
171.5,89.4,-1,1
155.0,72.9,1,0
180.0,78.3,1,1
161.2,52.1,1,0
170.9,91.6,-1,1
181.6,119.9,-1,1
179.3,70.2,1,1
170.3,69.8,1,0
166.4,40.7,1,0
179.5,95.7,-1,1
176.7,121.7,-1,1
163.8,82.3,-1,0
162.1,96.6,-1,1
149.3,50.5,1,0
171.5,54.9,1,0
169.2,97.4,-1,1
181.4,80.7,1,1
173.6,59.2,1,0
183.3,121.8,-1,1
163.0,56.8,1,0
181.4,55.2,1,1
164.7,77.6,-1,0
177.8,54.3,1,0
155.4,78.8,-1,0
172.4,53.7,1,0
150.2,59.8,1,0
167.3,79.5,-1,0
174.4,76.3,1,1
164.8,46.9,1,0
159.5,64.4,1,0
178.5,101.1,-1,1
169.0,72.2,1,0
165.1,49.3,-1,0
170.4,64.9,1,0
196.4,61.5,1,1
181.5,47.8,1,0
181.6,79.0,1,1
174.4,82.4,-1,1
171.7,86.0,1,1
146.0,56.1,1,0
163.2,80.4,-1,0
165.2,67.6,1,0
151.3,89.8,-1,0
158.4,53.8,-1,0
150.2,55.5,-1,0
169.6,104.9,-1,1
178.2,67.2,1,1
181.1,74.9,1,1
174.1,83.2,-1,1
160.4,82.3,1,0
150.7,58.7,1,0
152.4,42.3,-1,0
157.3,52.1,1,0
161.1,77.2,-1,0
168.4,65.9,1,0
159.9,56.7,1,0
173.4,53.8,1,0
167.7,90.4,-1,1
170.1,65.9,1,0
181.4,75.1,1,1
158.2,72.8,-1,0
174.2,46.5,1,0
169.9,72.9,-1,0
166.7,94.5,-1,1
178.9,78.7,1,1
178.8,88.9,-1,1
160.5,71.3,-1,0
168.2,88.7,-1,1
172.8,78.3,1,1
167.3,107.2,-1,1
175.9,77.0,-1,1
172.8,66.9,1,0
188.3,120.8,-1,1
154.7,56.8,1,0
168.8,61.0,1,0
160.9,50.2,1,0
176.0,86.4,-1,1
153.8,52.7,1,0
173.5,65.7,1,0
163.7,53.9,1,0
162.7,60.4,1,0
155.5,76.2,-1,0
165.3,76.3,-1,0
180.8,83.8,1,1
169.7,86.1,-1,1
176.3,71.0,1,1
186.6,86.2,1,1
172.6,67.1,1,0
164.4,52.9,1,0
174.7,83.6,-1,1
164.6,74.3,-1,0
165.0,88.6,1,1
154.8,70.7,-1,0
179.3,70.9,1,1
166.1,43.7,1,0
171.8,93.9,-1,1
159.6,68.8,1,0
174.4,93.7,-1,1
162.4,77.1,-1,0
168.6,101.8,-1,1
178.8,75.8,1,1
177.9,84.7,1,1
169.8,85.7,-1,1
152.3,73.5,-1,0
199.9,113.8,-1,1
187.5,56.2,1,1
177.2,50.3,1,0
162.5,59.9,1,0
168.9,71.7,1,0
164.6,43.3,1,0
182.6,82.8,1,1
172.6,86.1,-1,1
162.2,60.9,1,0
165.3,69.0,1,0
181.2,93.7,-1,1
186.0,60.5,1,1
185.3,99.3,-1,1
177.6,69.7,1,1
167.5,66.1,1,0
145.0,47.4,1,0
173.0,94.1,-1,1
170.0,56.2,1,0
171.4,93.4,-1,1
170.5,118.8,-1,1
156.7,39.3,-1,0
175.6,61.6,1,0
176.3,93.8,-1,1
176.8,54.8,1,0
179.5,75.3,1,1
176.0,76.1,1,1
165.9,52.9,-1,0
169.3,77.4,1,1
170.9,85.3,-1,1
171.1,76.2,1,1
180.0,65.7,1,1
176.4,104.3,-1,1
190.8,126.8,-1,1
192.1,100.4,-1,1
170.8,55.7,1,0
145.0,41.5,1,0
182.4,58.2,1,1
164.6,54.0,1,0
162.0,86.3,-1,0
166.0,61.7,1,0
165.5,52.8,1,0
176.1,91.9,-1,1
154.4,76.1,-1,0
159.2,55.2,1,0
173.4,88.9,-1,1
176.2,66.1,-1,1
176.4,71.4,1,1
162.1,42.1,1,0
160.2,73.6,-1,0
164.9,66.3,1,0
172.4,62.3,1,0
184.9,83.5,1,1
149.5,56.4,1,0
167.8,56.4,1,0
156.7,70.9,-1,0
153.5,58.2,-1,0
179.7,78.1,1,1
175.4,50.0,1,0
174.5,73.8,1,1
179.2,81.7,-1,1
165.2,50.6,1,0
165.7,81.5,-1,0
191.9,53.4,1,1
167.5,62.0,1,0
177.4,89.2,-1,1
170.1,113.1,-1,1
151.5,42.0,1,0
149.6,57.1,1,0
164.2,72.2,1,0
180.6,87.6,1,1
177.9,55.7,1,0
179.1,66.1,1,1
160.1,41.0,-1,0
186.2,86.7,1,1
160.4,38.6,1,0
172.1,86.6,-1,1
169.9,60.8,1,0
168.3,58.1,1,0
183.4,92.5,-1,1
162.9,70.5,1,0
156.5,77.7,-1,0
170.2,72.2,1,0
166.0,71.3,1,0
200.0,60.7,1,1
176.8,100.6,-1,1
165.9,57.5,1,0
159.4,78.4,-1,0
151.2,67.2,-1,0
159.7,69.9,-1,0
171.1,64.7,1,0
184.3,72.4,1,1
181.2,80.8,1,1
172.3,47.5,1,0
166.8,73.3,1,0
172.7,105.6,-1,1
164.8,64.2,1,0
187.2,86.9,1,1
168.1,49.0,1,0
169.1,79.0,1,1
147.8,47.7,1,0
168.0,85.0,-1,1
178.4,96.5,-1,1
159.3,84.2,-1,0
162.5,47.1,1,0
177.9,88.1,-1,1
155.2,69.6,-1,0
180.6,73.4,1,1
164.7,91.3,-1,1
166.1,75.8,1,0
158.8,83.8,-1,0
173.8,52.5,1,0
194.6,78.4,1,1
177.8,85.6,-1,1
161.4,87.3,-1,0
181.4,86.3,1,1
166.8,53.7,1,0
183.7,120.4,-1,1
178.1,78.4,1,1
145.0,44.2,1,0
160.0,55.9,1,0
179.4,59.6,1,1
171.5,47.1,1,0
159.8,58.2,1,0
163.7,46.9,1,0
150.9,57.8,1,0
169.1,88.4,-1,1
192.1,106.1,1,1
178.0,80.1,1,1
191.9,64.4,1,1
178.8,96.2,-1,1
180.3,124.1,-1,1
189.7,120.4,-1,1
173.8,51.4,1,0
168.1,73.6,1,0
180.3,80.7,1,1
184.5,82.1,-1,1
165.2,68.7,1,0
162.8,96.7,-1,1
171.4,79.7,-1,1
178.3,75.8,1,1
178.0,84.9,-1,1
155.8,45.2,1,0
189.1,74.0,1,1
163.6,86.8,-1,0
167.3,73.2,1,0
161.0,97.5,-1,1
197.0,109.1,-1,1
172.4,52.1,1,0
161.5,41.7,1,0
178.6,103.7,-1,1
177.7,63.9,1,1
168.1,55.7,1,0
178.4,69.7,1,1
161.7,85.0,-1,0
165.1,62.1,1,0
149.9,44.8,1,0
156.8,75.6,1,0
188.1,110.5,-1,1
186.4,121.6,-1,1
170.7,96.4,-1,1
186.6,104.0,-1,1
168.4,62.4,1,0
167.6,85.5,1,1
170.6,98.3,-1,1
168.8,102.9,1,1
167.8,77.6,-1,0
181.4,77.5,1,1
171.5,57.9,1,0
177.1,92.2,-1,1
180.3,63.4,1,1
173.9,77.5,1,1
160.3,50.7,1,0
156.5,55.2,1,0
171.5,76.9,1,1
168.3,71.1,1,0
170.9,85.9,-1,1
169.8,52.7,1,0
195.8,99.0,1,1
156.7,50.8,1,0
150.1,46.4,1,0
173.3,66.1,1,0
166.2,54.3,-1,0
173.2,85.8,1,1
175.8,80.1,1,1
182.8,106.2,-1,1
154.9,68.3,-1,0
164.4,66.1,1,0
174.3,81.9,1,1
177.7,87.0,-1,1
191.9,58.9,1,1
179.6,79.5,1,1
169.4,81.5,1,1
161.1,92.7,-1,1
164.4,53.6,1,0
164.1,44.7,1,0
176.6,54.5,1,0
172.6,54.1,1,0
156.8,55.5,1,0
165.6,56.7,1,0
178.8,65.6,1,1
173.5,75.7,1,1
175.7,92.6,-1,1
173.8,80.3,1,1
186.3,82.1,1,1
172.4,85.9,-1,1
166.1,44.2,1,0
160.8,66.7,1,0
172.5,77.5,1,1
145.6,52.9,1,0
168.2,60.8,1,0
167.9,62.8,1,0
156.4,70.7,-1,0
160.7,93.4,1,1
178.1,46.0,1,0
172.3,88.9,1,1
171.0,94.5,-1,1
173.1,52.0,1,0
170.9,69.9,-1,0
182.4,88.7,1,1
171.2,113.0,1,1
155.4,91.9,-1,0
186.3,65.5,1,1
173.7,65.4,1,0
164.1,74.6,-1,0
157.5,66.5,1,0
174.0,79.3,1,1
168.8,59.3,1,0
185.7,65.7,1,1
166.5,48.5,1,0
161.6,45.7,1,0
179.0,56.0,-1,0
179.3,97.9,-1,1
171.7,90.7,-1,1
176.8,83.8,1,1
169.6,72.4,1,0
172.3,73.5,1,1
181.6,72.2,1,1
176.3,45.0,1,0
168.3,86.1,-1,1
183.5,101.4,-1,1
146.4,42.0,1,0
190.5,65.7,1,1
152.9,63.4,-1,0
163.7,76.6,-1,0
169.6,88.9,-1,1
168.5,99.4,-1,1
180.1,65.3,1,1
159.4,66.1,1,0
172.6,52.1,1,0
164.2,56.4,1,0
173.0,67.1,1,0
169.4,96.5,-1,1
170.9,92.4,1,1
164.5,66.4,1,0
164.9,43.5,1,0
172.9,81.8,-1,1
179.4,87.6,-1,1
164.0,48.1,1,0
161.3,74.1,-1,0
176.1,59.8,1,0
169.7,90.6,-1,1
178.3,84.1,1,1
160.9,42.1,1,0
152.2,52.9,1,0
164.7,70.1,1,0
162.3,70.6,1,0
169.2,89.3,-1,1
163.6,89.6,-1,1
177.4,74.2,1,1
167.1,83.4,-1,1
171.5,101.9,-1,1
171.6,60.0,1,0
171.9,67.6,1,0
169.8,50.4,1,0
175.1,60.4,1,0
162.0,68.9,1,0
184.0,54.2,1,1
167.6,77.6,-1,0
156.9,54.6,1,0
171.9,72.7,1,1
161.5,46.9,1,0
176.7,80.8,1,1
192.1,135.0,-1,1
162.1,63.4,1,0
173.3,48.1,1,0
152.4,78.5,1,0
174.5,86.1,-1,1
161.1,66.4,1,0
163.8,80.2,-1,0
159.0,60.7,1,0
177.3,104.9,-1,1
180.1,100.6,1,1
170.2,60.2,1,0
161.4,88.4,-1,0
185.9,124.1,-1,1
162.5,84.4,-1,0
148.4,63.7,-1,0
174.6,56.0,1,0
159.0,69.8,-1,0
179.9,88.4,1,1
166.2,64.5,-1,0
176.0,90.5,-1,1
184.0,91.5,-1,1
157.9,74.3,-1,0
164.3,88.4,-1,1
169.2,48.7,1,0
185.4,59.6,1,1
163.4,52.1,1,0
164.1,98.6,-1,1
174.8,88.0,-1,1
164.2,83.2,-1,0
171.5,97.9,-1,1
154.5,44.7,1,0
192.1,59.1,1,1
156.5,56.6,1,0
166.8,88.7,-1,1
169.7,68.6,1,0
189.1,60.0,-1,1
156.8,51.8,1,0
189.8,64.6,1,1
177.6,72.0,1,1
174.2,54.7,1,0
160.2,66.4,1,0
175.7,71.7,1,1
162.8,72.3,-1,0
182.7,68.9,1,1
160.3,72.0,-1,0
168.9,70.6,1,0
164.4,70.0,1,0
160.1,76.2,-1,0
177.4,95.6,-1,1
175.4,92.2,-1,1
182.1,93.7,-1,1
152.2,65.5,-1,0
180.6,73.4,1,1
195.1,108.8,-1,1
165.5,52.9,1,0
189.0,88.4,1,1
167.4,55.5,1,0
156.3,51.8,1,0
166.9,64.4,1,0
180.5,81.8,1,1
161.6,56.5,1,0
164.0,67.6,1,0
175.9,84.9,-1,1
170.0,67.2,1,0
175.8,115.1,-1,1
172.4,75.8,1,1
174.8,83.1,-1,1
165.7,57.5,-1,0
172.3,76.7,1,1
160.7,68.3,1,0
182.9,78.5,1,1
163.7,89.8,-1,1
181.3,52.6,1,0
167.7,68.1,1,0
172.0,86.7,-1,1
165.1,53.4,1,0
159.8,44.7,1,0
152.6,54.4,1,0
159.4,83.3,-1,0
166.8,59.1,1,0
172.1,72.2,1,0
180.1,94.2,-1,1
165.5,63.1,-1,0
161.2,58.1,1,0
155.6,51.0,1,0
174.8,70.6,1,1
183.8,55.8,-1,1
182.7,78.3,1,1
177.1,98.4,-1,1
176.4,102.7,-1,1
187.0,118.9,-1,1
173.3,77.6,1,1
176.5,108.8,-1,1
166.8,108.0,-1,1
156.4,67.5,-1,0
163.2,46.7,1,0
169.9,99.2,-1,1
170.6,47.4,-1,0
189.3,70.5,1,1
170.8,46.7,1,0
181.8,102.0,-1,1
165.6,43.9,1,0
166.9,90.4,-1,1
156.7,91.7,-1,0
162.6,89.5,-1,0
175.3,53.5,1,0
170.1,46.3,1,0
179.4,63.2,1,1
171.8,93.8,-1,1
166.5,89.3,-1,1
191.5,106.3,-1,1
169.1,80.5,-1,1
181.6,124.3,-1,1
166.0,56.8,-1,0
177.1,63.8,1,1
179.3,57.4,1,0
172.1,81.7,-1,1
146.5,51.3,1,0
170.2,86.7,-1,1
182.3,79.1,1,1
175.3,93.0,1,1
174.5,64.5,1,0
152.8,59.6,1,0
162.8,65.2,1,0
174.1,44.0,1,0
174.1,77.8,1,1
182.1,94.1,1,1
168.6,58.4,1,0
174.1,105.9,-1,1
170.2,76.8,1,1
160.1,54.5,1,0
147.4,45.8,-1,0
174.3,100.9,-1,1
171.7,63.6,1,0
163.8,71.9,1,0
153.8,75.2,-1,0
176.3,92.7,-1,1
167.3,60.6,1,0
175.6,97.2,1,1
188.6,92.3,1,1
148.6,32.0,1,0
163.0,81.9,-1,0
167.9,60.1,1,0
184.5,86.7,1,1
153.6,63.4,1,0
189.4,72.8,1,1
171.4,82.3,-1,1
169.0,52.5,1,0
168.0,56.6,1,0
165.6,84.7,1,1
180.5,77.0,1,1
159.3,47.4,1,0
173.5,72.1,1,1
166.2,71.5,1,0
162.4,46.1,1,0
195.9,128.2,-1,1
174.2,113.0,-1,1
176.1,79.8,1,1
181.4,78.3,1,1
155.8,61.0,1,0
187.5,101.5,-1,1
145.0,58.3,-1,0
162.3,69.6,1,0
165.4,95.2,-1,1
175.8,98.3,-1,1
172.2,57.0,1,0
168.3,90.2,-1,1
169.9,92.1,-1,1
160.2,72.3,-1,0
155.0,68.7,-1,0
177.3,77.5,1,1
176.9,55.6,1,0
185.8,125.5,-1,1
162.1,48.5,1,0
176.9,105.1,-1,1
167.2,68.8,1,0
181.9,107.5,-1,1
180.2,81.6,1,1
172.1,90.7,-1,1
166.6,76.9,-1,0
179.6,67.7,1,1
176.5,80.4,-1,1
163.2,64.3,1,0
156.7,74.6,-1,0
167.1,68.0,1,0
185.2,86.4,1,1
181.5,62.1,1,1
158.9,47.5,1,0
158.3,67.5,1,0
182.7,87.1,1,1
158.6,50.8,1,0
175.1,87.2,-1,1
163.8,73.0,-1,0
186.2,84.7,1,1
162.3,70.0,1,0
181.4,52.3,1,0
171.8,51.1,1,0
172.5,85.9,-1,1
150.3,45.3,1,0
148.0,44.8,1,0
167.8,70.9,1,0
172.5,115.2,1,1
158.7,60.8,1,0
159.1,94.4,-1,0
175.6,71.1,1,1
175.6,82.9,1,1
168.6,91.7,-1,1
177.8,103.4,-1,1
158.3,64.0,1,0
166.4,65.4,1,0
186.5,99.0,-1,1
170.7,75.9,1,1
171.3,70.1,1,0
193.1,124.7,1,1
156.0,71.2,-1,0
178.0,60.2,1,0
186.6,69.0,1,1
166.8,98.0,-1,1
178.6,65.5,1,1
160.2,79.6,-1,0
163.1,76.5,1,0
173.8,88.6,-1,1
178.0,110.8,-1,1
181.2,96.8,-1,1
185.7,98.3,-1,1
169.3,68.3,1,0
181.9,74.5,1,1
166.6,113.8,-1,1
179.0,84.1,1,1
172.1,72.1,-1,0
174.5,76.8,1,1
174.2,83.9,-1,1
154.0,78.3,-1,0
158.8,71.2,-1,0
171.0,54.5,1,0
153.1,49.3,1,0
178.3,79.7,1,1
178.7,94.7,-1,1
173.3,48.0,1,0
158.8,74.3,-1,0
183.8,94.2,1,1
190.4,104.4,-1,1
171.5,72.1,-1,0
175.1,100.6,1,1
172.0,63.9,1,0
175.3,98.9,-1,1
168.8,74.5,1,0
169.7,68.4,1,0
179.1,85.6,1,1
193.5,108.2,-1,1
156.0,44.7,1,0
169.0,82.3,1,1
158.2,79.4,-1,0
185.9,80.2,1,1
164.1,71.4,1,0
155.6,51.7,1,0
176.4,60.8,-1,0
187.4,92.0,1,1
176.6,86.5,-1,1
172.0,68.0,1,0
174.1,57.6,1,0
184.1,89.0,1,1
161.3,59.4,1,0
168.9,54.2,1,0
165.5,93.5,-1,1
158.3,44.2,1,0
166.7,78.9,-1,0
181.1,57.4,1,1
175.7,50.6,1,0
176.4,86.8,1,1
171.5,63.2,1,0
175.2,55.2,1,0
162.0,84.5,-1,0
166.9,80.0,-1,0
171.9,47.3,1,0
172.8,96.3,1,1
173.2,55.8,1,0
168.6,45.5,1,0
166.2,51.3,1,0
200.0,99.0,1,1
179.1,81.7,1,1
174.1,53.1,1,0
167.7,50.7,1,0
165.5,51.9,1,0
168.7,55.0,1,0
172.9,88.4,-1,1
151.2,48.1,1,0
154.3,70.1,-1,0
163.6,80.5,-1,0
172.1,88.3,-1,1
167.6,44.9,-1,0
184.8,79.1,1,1
155.2,57.8,1,0
162.5,69.1,1,0
185.2,54.9,1,1
171.3,59.9,1,0
178.8,58.6,1,0
190.5,70.6,1,1
163.1,62.3,-1,0
169.0,54.4,1,0
167.3,55.6,1,0
150.5,57.3,1,0
166.9,61.4,1,0
178.8,88.6,-1,1
175.4,69.2,1,1
176.2,54.3,1,0
166.2,52.0,1,0
163.4,65.5,1,0
182.7,79.5,1,1
165.0,40.9,-1,0
172.9,82.4,-1,1
171.6,79.2,1,1
184.6,78.0,1,1
179.7,72.7,1,1
157.0,42.1,1,0
158.1,71.6,-1,0
175.8,115.6,-1,1
169.4,64.9,1,0
165.4,92.6,-1,1
180.2,59.5,1,1
171.9,60.0,1,0
170.5,97.7,-1,1
177.8,81.5,1,1
166.2,80.5,-1,0
185.7,75.5,1,1
162.1,42.1,1,0
176.6,121.7,-1,1
184.3,85.6,1,1
156.2,67.0,-1,0
166.6,57.2,1,0
181.4,92.8,-1,1
181.6,101.3,-1,1
168.3,49.6,1,0
162.7,68.9,1,0
179.6,97.6,-1,1
181.8,106.5,-1,1
158.4,72.4,-1,0
158.0,73.4,-1,0
172.3,60.1,1,0
176.3,59.4,1,0
167.0,64.5,1,0
176.8,59.4,1,0
162.9,50.6,1,0
148.9,42.0,1,0
165.8,57.3,1,0
170.6,86.5,-1,1
167.2,57.1,-1,0
158.4,90.4,-1,0
151.8,74.8,-1,0
164.9,87.3,-1,1
179.0,66.8,1,1
182.6,87.3,1,1
181.9,57.0,1,1
161.8,68.9,1,0
158.5,36.4,1,0
175.0,100.6,-1,1
176.4,70.4,1,1
174.0,81.2,1,1
149.9,62.7,-1,0
161.3,60.3,1,0
169.7,58.2,1,0
174.9,78.8,1,1
177.7,89.4,-1,1
171.4,70.9,1,0
173.3,86.0,-1,1
170.8,82.5,1,1
176.9,74.6,-1,1
173.1,72.9,1,1
170.7,75.2,1,1
167.3,89.2,-1,1
170.8,71.3,1,0
174.8,101.9,1,1
172.7,83.6,-1,1
173.8,62.2,1,0
183.4,88.3,1,1
172.7,59.0,1,0
163.5,49.3,1,0
178.8,91.6,-1,1
156.3,72.8,-1,0
159.2,62.8,1,0
173.4,80.5,-1,1
175.2,61.5,-1,0
157.5,64.6,1,0
166.2,101.9,-1,1
163.9,79.4,-1,0
165.1,62.8,1,0
179.4,77.3,1,1
177.1,66.6,1,1
169.8,47.7,1,0
164.5,63.9,1,0
156.5,74.8,-1,0
184.2,65.9,1,1
175.9,72.2,1,1
162.9,48.6,1,0
177.2,88.6,-1,1
169.3,49.8,1,0
167.1,84.0,-1,1
174.4,99.3,-1,1
162.6,57.0,1,0
166.6,53.8,1,0
171.2,81.6,1,1
165.0,90.2,-1,1
176.7,98.5,-1,1
188.7,82.1,1,1
162.5,52.0,1,0
153.3,55.5,1,0
150.0,39.4,1,0
168.5,57.3,1,0
163.4,69.9,1,0
172.1,67.5,1,0
171.3,62.8,1,0
154.0,58.5,1,0
151.9,53.9,1,0
173.0,92.8,-1,1
171.4,50.0,1,0
165.7,81.5,-1,0
153.4,54.7,1,0
174.7,84.3,-1,1
182.7,50.6,1,0
172.8,90.4,1,1
161.5,77.6,-1,0
170.4,106.2,-1,1
156.3,45.2,1,0
180.6,70.1,1,1
170.8,51.1,1,0
152.3,50.0,1,0
167.0,93.7,-1,1
174.6,86.2,-1,1
166.7,61.5,1,0
167.2,72.2,1,0
157.8,61.3,1,0
175.7,49.4,1,0
163.5,38.8,1,0
148.4,69.7,-1,0
166.3,77.2,-1,0
179.8,56.9,1,0
166.1,71.0,1,0
187.4,78.0,1,1
174.3,100.3,-1,1
173.4,78.7,1,1
168.7,48.0,1,0
169.3,73.7,-1,0
167.4,69.3,1,0
167.0,69.1,1,0
175.3,67.4,1,1
160.6,68.8,1,0
159.2,50.5,1,0
158.8,45.1,1,0
190.5,69.0,1,1
175.3,62.1,1,0
173.0,86.9,-1,1
159.4,70.4,-1,0
176.2,109.5,-1,1
168.8,67.4,1,0
172.1,86.6,-1,1
160.2,64.9,1,0
171.6,74.5,1,1
165.8,82.0,-1,0
162.3,75.1,-1,0
177.3,76.0,1,1
154.6,51.0,1,0
175.6,77.6,1,1
176.8,103.8,-1,1
161.2,71.6,-1,0
161.8,59.2,1,0
167.8,88.5,-1,1
172.8,54.3,1,0
168.5,69.1,1,0
174.3,62.7,1,0
187.6,85.4,1,1
164.9,84.3,-1,0
152.8,63.9,-1,0
178.3,55.6,1,0
186.8,74.3,1,1
173.9,53.0,1,0
159.1,79.4,-1,0
168.8,57.0,1,0
158.8,68.0,1,0
176.4,75.5,-1,1
156.5,60.6,1,0
167.0,44.6,-1,0
160.0,69.5,-1,0
171.3,63.7,1,0
166.3,79.1,-1,0
171.8,77.3,1,1
170.2,83.4,-1,1
160.1,52.9,1,0
176.3,61.3,1,0
169.5,82.9,-1,1
160.1,68.9,1,0
192.4,97.5,1,1
174.8,80.4,1,1
168.5,73.9,1,0
184.2,63.6,-1,1
188.4,111.7,-1,1
168.5,68.4,1,0
173.5,73.0,-1,1
160.1,57.7,1,0
168.5,45.4,1,0
168.0,80.3,-1,1
171.8,60.6,1,0
173.3,81.6,-1,1
175.6,66.5,1,1
172.4,72.6,1,1
157.9,56.4,1,0
160.6,51.4,1,0
164.5,68.1,1,0
167.2,61.8,1,0
180.5,61.1,1,1
158.4,84.1,-1,0
166.4,55.9,1,0
179.5,91.4,-1,1
167.0,85.1,1,1
174.6,97.7,1,1
168.6,57.5,1,0
172.6,70.9,-1,0
167.7,67.5,-1,0
176.7,87.9,-1,1
154.5,52.7,1,0
166.4,72.7,1,0
173.0,74.7,1,1
175.3,97.5,1,1
184.9,85.3,1,1
166.1,70.9,1,0
184.8,87.2,1,1
163.4,93.0,-1,1
183.3,71.8,1,1
178.2,94.4,-1,1
160.9,55.9,1,0
173.1,80.2,1,1
169.5,58.1,1,0
176.3,70.7,-1,1
167.8,58.9,1,0
166.9,85.5,-1,1
183.7,74.3,1,1
169.0,84.8,-1,1
178.3,69.4,1,1
167.7,74.5,-1,0
186.7,117.6,-1,1
163.2,50.7,1,0
163.9,51.4,1,0
185.2,80.7,1,1
165.6,68.2,1,0
186.0,99.4,-1,1
178.9,80.9,1,1
168.5,70.9,1,0
151.9,38.2,1,0
169.8,73.0,1,0
171.0,74.5,1,1
181.7,100.8,-1,1
185.9,79.6,1,1
163.2,62.4,1,0
178.0,87.9,-1,1
177.7,54.1,1,0
180.7,52.3,1,0
175.0,56.2,-1,0
150.6,51.4,1,0
168.4,89.2,-1,1
158.4,93.3,-1,0
168.0,50.9,-1,0
179.8,74.3,1,1
173.1,65.4,1,0
181.5,96.8,-1,1
173.4,80.2,-1,1
157.0,48.7,1,0
145.0,47.9,-1,0
171.5,75.4,1,1
167.9,87.0,-1,1
160.2,58.0,1,0
153.0,41.0,1,0
162.7,86.8,-1,0
168.1,74.8,-1,0
176.7,51.6,-1,0
171.9,74.9,1,1
186.1,103.4,-1,1
159.6,65.1,1,0
178.8,101.3,-1,1
170.5,82.3,-1,1
176.9,84.0,1,1
165.6,71.9,1,0
180.7,79.4,1,1
173.0,86.1,-1,1
163.2,64.2,-1,0
169.9,88.6,-1,1
167.6,71.3,1,0
174.9,83.0,-1,1
158.2,57.9,1,0
169.7,66.8,1,0
174.0,81.4,1,1
170.3,90.2,-1,1
183.5,94.3,-1,1
177.7,65.4,1,1
169.9,41.9,1,0
172.2,87.3,-1,1
173.0,118.5,1,1
174.0,70.7,1,1
151.7,54.6,1,0
167.0,83.4,-1,1
155.2,47.7,1,0
182.8,118.5,-1,1
169.4,78.8,-1,1
168.1,65.9,1,0
179.0,65.2,1,1
174.2,96.5,-1,1
158.7,60.0,1,0
169.3,88.1,-1,1
166.6,76.1,-1,0
152.6,79.7,-1,0
163.1,73.0,-1,0
168.2,123.6,1,1
168.9,80.8,-1,1
155.2,65.9,-1,0
181.5,79.6,1,1
169.0,90.7,-1,1
170.4,70.5,1,0
174.0,66.2,1,0
162.1,58.3,1,0
174.6,72.7,1,1
166.3,110.7,-1,1
161.0,65.5,1,0
175.7,65.0,1,0
184.9,113.0,-1,1
177.2,86.8,-1,1
179.2,100.4,-1,1
164.8,95.0,-1,1
154.0,41.6,1,0
184.9,59.8,1,1
190.5,134.2,-1,1
185.4,71.8,1,1
166.6,44.4,1,0
158.5,54.9,1,0
159.3,52.5,1,0
153.2,51.3,1,0
168.9,86.0,-1,1
186.1,73.9,1,1
168.6,49.7,1,0
173.0,75.4,1,1
183.8,67.2,1,1
166.0,68.9,1,0
190.4,81.0,1,1
189.9,108.5,-1,1
168.7,62.5,1,0
164.2,78.7,-1,0
177.0,54.8,1,0
166.5,84.3,-1,1
158.4,82.3,-1,0
182.8,83.9,1,1
182.2,66.7,1,1
171.6,59.0,1,0
157.4,65.3,1,0
157.7,80.3,1,0
171.1,70.1,1,0
165.0,86.2,-1,1
166.6,46.0,1,0
180.2,79.2,1,1
177.3,77.8,1,1
183.8,88.8,1,1
160.1,59.0,1,0
166.6,90.1,-1,1
177.6,102.7,-1,1
174.5,77.5,1,1
185.3,80.3,1,1
174.2,64.9,1,0
188.5,116.2,-1,1
175.4,60.0,1,0
180.6,53.0,1,0
166.8,51.8,1,0
170.1,88.3,-1,1
179.1,58.7,1,0
186.1,78.3,1,1
177.3,75.8,1,1
169.2,50.1,1,0
183.8,93.2,-1,1
148.1,50.5,1,0
155.8,42.5,1,0
176.8,81.8,1,1
170.1,79.2,-1,1
176.1,85.6,-1,1
170.6,81.6,-1,1
175.7,82.0,1,1
161.9,80.9,-1,0
175.7,64.3,1,0
179.9,53.8,1,0
182.2,59.9,1,1
190.1,78.2,1,1
172.4,114.9,-1,1
172.7,64.7,1,0
154.8,56.0,-1,0
164.7,64.0,1,0
168.1,68.8,1,0
180.5,116.9,-1,1
163.9,47.0,1,0
178.0,120.7,-1,1
170.0,74.7,1,0
168.2,87.1,-1,1
172.5,79.2,1,1
166.1,86.6,-1,1
165.7,57.2,1,0
153.0,39.5,1,0
167.5,118.0,-1,1
165.2,103.7,-1,1
164.8,46.7,1,0
174.2,93.4,-1,1
176.6,94.9,1,1
172.3,81.5,-1,1
180.0,72.1,1,1
175.8,110.1,-1,1
167.0,85.5,-1,1
165.4,57.2,1,0
173.1,72.5,1,1
175.7,62.0,1,0
184.0,87.5,1,1
181.9,75.0,1,1
164.6,84.1,-1,0
169.0,88.4,1,1
176.7,85.3,-1,1
180.7,93.6,-1,1
179.4,100.6,-1,1
169.4,72.1,1,0
157.5,36.0,1,0
160.0,96.4,-1,1
172.7,58.3,1,0
173.4,92.2,-1,1
159.0,54.3,1,0
170.4,101.4,-1,1
176.3,59.8,1,0
158.5,48.3,1,0
181.0,72.2,1,1
166.2,78.3,-1,0
182.6,92.8,1,1
164.7,77.0,-1,0
159.7,61.9,1,0
165.4,87.8,-1,1
169.0,83.4,-1,1
166.1,94.1,-1,1
167.8,76.2,-1,0
173.3,81.2,-1,1
168.3,105.1,-1,1
169.3,96.6,1,1
152.9,69.2,-1,0
173.9,50.3,1,0
169.1,41.5,1,0
186.1,99.3,-1,1
160.6,74.6,-1,0
151.9,51.2,-1,0
176.2,84.2,-1,1
173.5,58.7,1,0
159.9,72.7,-1,0
154.7,64.8,-1,0
185.4,93.0,-1,1
184.1,91.6,-1,1
145.1,45.8,1,0
165.4,64.9,1,0
186.6,106.1,-1,1
165.2,75.1,-1,0
165.1,80.2,-1,0
167.2,67.1,1,0
158.8,76.7,-1,0
153.0,75.5,-1,0
180.5,74.1,1,1
151.6,69.1,-1,0
172.5,74.8,1,1
178.9,86.0,1,1
155.5,68.9,-1,0
160.8,46.0,1,0
182.1,61.4,1,1
175.3,69.3,1,1
163.8,59.4,1,0
182.0,79.6,1,1
182.1,111.6,-1,1
172.7,100.1,-1,1
161.0,59.7,1,0
165.9,87.2,-1,1
172.9,69.4,1,0
168.1,80.7,-1,1
179.4,61.5,1,1
154.7,37.3,1,0
155.1,70.7,-1,0
171.8,69.9,1,0
165.1,72.6,1,0
163.7,92.7,-1,1
152.3,54.7,1,0
170.2,72.8,1,0
169.5,98.0,-1,1
176.5,82.9,1,1
170.7,58.8,1,0
168.7,88.0,-1,1
181.8,82.8,1,1
156.9,53.1,1,0
175.4,78.5,1,1
153.3,73.9,-1,0
161.6,51.1,1,0
157.9,48.4,1,0
177.8,82.3,1,1
169.3,52.8,1,0
169.9,50.0,1,0
158.9,67.0,1,0
167.0,88.2,-1,1
162.4,78.4,-1,0
173.8,73.6,1,1
160.1,79.9,1,0
183.3,124.0,1,1
153.2,62.1,1,0
161.9,59.8,1,0
186.8,119.9,-1,1
165.6,93.6,-1,1
156.9,68.9,-1,0
172.2,100.3,-1,1
165.2,55.5,1,0
161.6,45.7,1,0
159.0,48.5,1,0
197.7,102.5,1,1
167.5,68.9,1,0
150.7,73.3,-1,0
184.9,60.1,1,1
176.1,54.9,1,0
162.3,81.9,1,0
160.7,46.2,1,0
176.7,77.7,1,1
167.5,74.8,1,0
150.7,51.3,1,0
187.9,95.2,1,1
165.7,39.8,1,0
185.0,128.3,1,1
182.8,81.9,1,1
160.0,61.4,1,0
180.3,138.7,-1,1
163.5,45.0,1,0
151.3,42.9,1,0
165.8,96.0,1,1
174.0,43.9,1,0
165.4,72.4,1,0
166.9,55.3,1,0
181.4,57.6,1,1
171.1,78.0,1,1
161.6,74.0,-1,0
177.0,78.4,-1,1
172.0,106.2,-1,1
145.0,39.7,1,0
174.3,91.7,-1,1
173.9,86.1,-1,1
170.2,89.3,1,1
178.9,70.3,1,1
163.3,40.5,1,0
173.4,62.8,1,0
154.3,58.6,1,0
174.1,88.1,-1,1
189.5,95.6,1,1
160.1,63.5,1,0
162.4,97.2,-1,1
162.9,66.0,-1,0
171.3,59.6,1,0
159.4,70.2,-1,0
174.2,44.0,1,0
178.5,46.2,1,0
175.3,79.0,1,1
152.3,45.0,1,0
180.0,69.1,1,1
179.4,98.5,-1,1
178.3,89.5,-1,1
173.7,74.1,1,1
172.2,80.1,1,1
180.3,73.0,1,1
189.2,113.1,-1,1
160.5,80.5,-1,0
180.8,101.1,-1,1
169.1,87.7,-1,1
168.7,76.3,1,0
154.6,49.8,1,0
167.2,67.0,1,0
160.0,62.0,1,0
165.4,57.3,1,0
159.0,91.7,-1,0
165.5,95.4,-1,1
165.9,66.9,1,0
171.0,91.2,-1,1
153.9,67.1,-1,0
155.5,56.9,1,0
173.6,87.3,-1,1
162.0,57.4,1,0
180.7,64.4,1,1
172.3,78.2,1,1
176.1,86.6,-1,1
184.1,144.6,-1,1
166.9,62.9,1,0
164.3,58.9,1,0
178.7,102.3,-1,1
175.1,76.2,1,1
168.1,63.9,1,0
183.9,77.7,1,1
167.9,71.6,1,0
170.3,90.9,-1,1
170.2,84.3,-1,1
160.7,51.6,1,0
170.8,105.0,-1,1
184.0,66.2,1,1
174.4,67.2,1,0
170.3,88.5,-1,1
168.4,96.4,-1,1
173.3,81.5,-1,1
177.5,54.4,1,0
176.1,84.0,-1,1
166.7,46.7,1,0
173.2,119.8,-1,1
174.8,81.7,1,1
159.9,80.1,1,0
171.7,71.6,1,0
148.4,82.2,-1,0
174.8,62.6,1,0
176.6,66.6,1,1
177.5,89.2,-1,1
166.0,79.4,-1,0
173.1,113.2,-1,1
184.2,117.7,-1,1
184.1,109.1,-1,1
169.7,60.2,1,0
171.4,61.0,1,0
181.1,69.6,1,1
155.0,54.3,1,0
166.8,48.7,1,0
183.4,116.6,-1,1
179.8,65.8,1,1
173.7,54.6,1,0
154.9,54.2,-1,0
169.5,48.7,1,0
164.1,77.7,-1,0
173.3,62.2,1,0
161.9,77.4,-1,0
159.7,78.0,1,0
149.4,51.8,1,0
182.2,73.7,1,1
166.0,51.5,1,0
171.6,54.5,1,0
170.0,69.3,1,0
159.3,64.5,1,0
157.4,41.4,1,0
159.9,57.9,1,0
162.8,68.7,-1,0
173.7,80.6,1,1
162.0,46.0,-1,0
187.5,106.5,-1,1
180.3,100.5,-1,1
178.1,68.4,1,1
168.8,41.3,1,0
185.1,75.1,1,1
167.8,61.2,-1,0
169.7,88.4,-1,1
171.7,54.4,1,0
177.0,66.9,1,1
176.4,113.8,-1,1
165.2,66.8,1,0
164.7,71.0,1,0
176.4,80.6,1,1
177.2,96.9,-1,1
166.1,75.6,-1,0
154.1,89.4,-1,0
167.9,99.5,-1,1
176.2,83.5,1,1
188.1,92.9,1,1
158.0,68.6,-1,0
165.7,59.3,1,0
166.1,75.3,-1,0
183.6,55.1,1,1
169.7,59.7,1,0
160.9,77.0,-1,0
175.6,87.0,-1,1
166.0,70.9,1,0
157.8,64.7,1,0
161.1,92.2,-1,0
187.3,84.9,1,1
173.8,49.5,1,0
171.1,84.2,-1,1
167.5,75.0,-1,0
172.9,83.9,-1,1
172.8,48.7,1,0
172.9,47.8,1,0
171.1,82.3,1,1
178.7,83.6,1,1
170.2,70.6,1,0
160.2,90.3,1,0
163.9,71.0,1,0
150.2,76.5,-1,0
190.3,109.6,-1,1
178.6,58.9,-1,0
161.7,51.5,-1,0
167.2,44.2,-1,0
163.6,73.9,-1,0
185.4,82.8,1,1
155.8,80.3,-1,0
171.1,88.1,-1,1
168.9,53.4,-1,0
178.3,70.6,-1,1
169.0,41.4,1,0
152.4,65.7,-1,0
167.5,112.9,-1,1
160.3,66.2,-1,0
170.8,80.8,-1,1
184.3,84.6,1,1
152.6,63.2,-1,0
162.0,67.1,1,0
164.5,77.7,-1,0
166.2,56.2,1,0
177.4,64.9,1,1
168.3,53.1,1,0
174.2,70.7,1,1
163.7,53.3,1,0
172.3,104.5,-1,1
177.8,70.8,1,1
162.7,38.4,1,0
177.8,57.5,1,0
170.5,75.1,1,0
180.5,89.3,-1,1
168.0,76.5,-1,0
173.8,65.2,1,0
169.6,62.0,1,0
169.0,59.6,1,0
172.6,89.1,-1,1
175.4,83.6,1,1
157.5,55.4,1,0
184.3,76.6,1,1
151.4,53.6,1,0
163.2,66.7,1,0
169.1,90.2,1,1
174.1,83.7,-1,1
185.8,79.3,1,1
151.4,51.6,1,0
164.9,95.8,-1,1
148.7,62.9,-1,0
170.3,89.6,-1,1
172.7,88.0,-1,1
185.9,80.2,1,1
171.2,98.7,-1,1
180.4,57.6,1,1
175.8,106.1,-1,1
165.6,80.8,-1,0
155.9,71.5,-1,0
172.8,65.5,1,0
155.1,73.6,1,0
183.0,101.7,-1,1
168.4,63.1,1,0
182.0,69.4,1,1
165.2,55.4,1,0
172.7,84.4,-1,1
172.1,72.3,1,1
169.5,104.2,-1,1
165.7,48.0,1,0
173.9,59.8,1,0
160.7,68.7,1,0
157.9,72.3,-1,0
182.4,90.6,-1,1
177.3,75.4,1,1
170.7,79.0,1,1
186.7,84.3,1,1
167.3,91.8,-1,1
183.2,77.8,1,1
171.8,61.5,1,0
159.8,78.2,-1,0
188.5,127.7,1,1
179.9,68.6,1,1
168.8,75.3,1,0
177.3,76.1,1,1
166.0,73.9,1,0
178.3,50.9,1,0
146.1,48.9,1,0
159.8,58.9,1,0
179.8,74.2,1,1
167.5,44.9,1,0
172.1,105.5,-1,1
156.5,35.5,1,0
188.5,99.0,-1,1
181.9,52.1,1,0
168.0,53.7,1,0
166.0,75.3,-1,0
180.3,94.7,-1,1
189.8,72.2,1,1
179.5,64.0,1,1
191.7,57.8,1,1
160.8,68.0,1,0
161.8,52.9,1,0
158.1,81.8,-1,0
174.4,50.4,1,0
171.8,78.9,1,1
168.5,97.3,-1,1
178.1,80.6,1,1
182.3,53.2,1,0
154.7,65.6,1,0
164.0,63.3,1,0
178.2,78.6,1,1
165.3,94.3,-1,1
162.0,62.5,1,0
180.2,96.0,-1,1
157.1,55.6,1,0
167.0,65.0,1,0
173.3,99.8,-1,1
164.3,69.7,1,0
177.8,89.2,-1,1
164.3,83.7,-1,0
184.1,112.8,-1,1
168.7,51.4,1,0
176.7,73.5,1,1
177.5,101.6,-1,1
163.7,103.1,-1,1
149.5,52.3,1,0
173.6,80.3,1,1
170.7,74.6,1,0
175.6,86.0,-1,1
167.7,74.5,1,0
165.7,91.1,-1,1
190.1,63.2,1,1
155.3,47.2,1,0
177.3,90.7,-1,1
164.3,59.4,1,0
166.6,78.4,-1,0
166.8,87.7,-1,1
162.0,86.8,-1,0
175.7,82.3,1,1
183.9,114.8,-1,1
174.7,74.3,1,1
171.0,63.4,1,0
160.1,41.0,1,0
175.2,58.2,1,0
191.6,91.8,1,1
166.2,73.6,1,0
166.2,72.9,1,0
164.4,93.3,-1,1
165.1,76.3,-1,0
145.0,59.6,-1,0
174.1,113.5,-1,1
161.5,55.7,1,0
153.9,52.0,1,0
177.5,106.6,-1,1
159.2,70.7,-1,0
166.6,64.5,1,0
184.7,89.1,1,1
155.9,54.6,-1,0
154.7,54.8,1,0
172.7,79.0,1,1
181.5,71.5,1,1
154.3,63.8,1,0
174.1,93.9,1,1
175.8,71.4,1,1
149.4,67.9,-1,0
178.0,59.8,1,0
178.8,89.6,-1,1
166.9,78.9,-1,0
182.5,76.6,1,1
181.4,78.4,-1,1
171.0,73.4,1,0
165.5,60.1,1,0
160.3,64.2,1,0
169.6,62.5,-1,0
175.7,98.3,-1,1
166.8,48.7,1,0
148.0,56.3,1,0
182.7,58.4,1,1
171.9,50.6,1,0
166.2,63.6,1,0
178.6,110.1,1,1
185.2,109.5,-1,1
145.0,56.6,1,0
174.3,81.7,1,1
155.7,75.7,-1,0
175.0,97.3,-1,1
171.3,67.6,1,0
176.4,90.3,-1,1
165.0,52.4,1,0
151.3,51.9,1,0
165.5,78.2,-1,0
174.1,68.3,1,0
180.2,74.2,-1,1
158.3,40.1,1,0
180.3,85.2,1,1
163.5,48.7,1,0
173.6,60.5,-1,0
164.9,90.1,-1,1
171.8,61.6,1,0
178.9,89.7,-1,1
157.7,74.9,-1,0
163.2,85.2,-1,0
171.8,73.8,1,1
194.0,84.5,1,1
161.4,54.7,-1,0
190.4,52.6,1,1
190.0,112.4,-1,1
169.0,87.3,-1,1
167.0,73.5,1,0
163.1,46.5,1,0
169.3,72.9,1,0
155.9,70.0,-1,0
169.2,93.7,-1,1
185.0,96.8,-1,1
163.9,70.3,1,0
167.6,63.0,1,0
153.0,63.8,1,0
173.7,71.2,1,1
172.6,57.0,1,0
170.6,52.6,1,0
167.8,54.4,1,0
167.1,75.2,1,0
175.0,55.7,1,0
169.7,71.2,1,0
173.1,98.5,-1,1
172.1,53.0,1,0
181.2,91.0,-1,1
176.8,93.1,-1,1
171.9,64.3,1,0
185.2,93.4,-1,1
174.2,72.4,1,1
183.0,99.8,-1,1
176.1,57.6,1,0
151.6,80.0,-1,0
183.0,117.7,-1,1
171.4,47.0,1,0
169.5,92.0,-1,1
172.8,64.3,1,0
166.6,97.4,-1,1
172.3,96.6,-1,1
164.1,45.7,1,0
182.7,100.0,-1,1
168.9,59.3,1,0
166.2,82.1,-1,0
160.8,69.2,1,0
172.7,61.5,1,0
171.9,45.7,1,0
173.9,79.8,1,1
159.7,70.9,-1,0
154.0,57.0,1,0
176.3,63.2,1,0
184.8,75.5,1,1
159.7,43.2,1,0
185.9,101.7,-1,1
172.8,47.8,1,0
169.9,88.7,-1,1
166.0,71.8,1,0
156.2,72.3,-1,0
179.9,97.8,-1,1
162.2,67.7,1,0
162.2,63.6,1,0
179.9,102.4,-1,1
151.2,33.1,1,0
154.8,78.6,-1,0
169.8,57.0,-1,0
172.9,68.9,1,0
174.8,107.3,-1,1
167.0,107.0,-1,1
195.3,99.5,1,1
167.7,51.7,1,0
167.7,88.9,-1,1
162.0,69.0,1,0
171.2,59.0,1,0
176.1,86.3,-1,1
182.0,51.8,1,0
155.1,63.0,1,0
167.5,50.5,1,0
174.5,48.7,1,0
175.9,49.5,1,0
170.1,66.1,1,0
175.4,90.8,-1,1
161.9,85.3,-1,0
185.6,110.4,-1,1
179.9,56.7,1,0
156.6,58.0,1,0
159.2,57.9,1,0
159.5,62.0,1,0
176.8,104.6,1,1
157.2,64.1,1,0
166.7,88.1,-1,1
174.5,121.2,-1,1
169.3,45.9,1,0
172.6,61.5,1,0
159.3,72.2,-1,0
175.9,82.3,1,1
163.9,84.0,-1,0
166.8,67.3,1,0
172.4,78.0,1,1
171.0,64.2,1,0
170.2,91.0,-1,1
162.5,66.7,1,0
167.0,93.2,-1,1
170.0,101.1,-1,1
156.2,38.6,1,0
165.4,98.2,-1,1
173.9,92.5,-1,1
157.2,59.5,1,0
181.6,99.1,-1,1
182.7,78.3,1,1
157.5,78.6,-1,0
183.6,91.3,-1,1
168.6,81.9,-1,1
174.2,68.9,1,1
165.0,72.7,1,0
179.2,102.2,-1,1
174.1,85.9,-1,1
161.9,78.2,-1,0
158.3,55.0,1,0
155.4,61.2,-1,0
171.9,60.5,1,0
175.7,81.5,1,1
176.5,73.3,1,1
168.8,67.8,1,0
158.4,40.2,1,0
163.2,63.0,-1,0
181.5,80.3,1,1
165.2,43.6,-1,0
171.4,79.5,-1,1
159.2,76.0,1,0
173.4,85.3,-1,1
165.4,81.3,-1,0
180.5,76.0,1,1
177.7,74.9,1,1
165.0,69.3,1,0
168.7,73.7,1,0
164.5,47.3,1,0
155.8,47.3,1,0
161.4,84.7,-1,0
172.0,60.1,1,0
173.3,66.1,1,0
171.5,72.6,1,0
167.0,43.1,1,0
179.3,106.1,-1,1
170.6,72.2,1,0
177.0,66.9,1,1
152.3,70.5,-1,0
145.0,48.8,-1,0
172.8,71.3,1,1
155.8,81.2,-1,0
167.9,65.5,-1,0
167.0,84.6,-1,1
185.9,79.3,1,1
174.0,76.9,1,1
171.7,79.0,-1,1
178.4,68.2,1,1
173.7,52.5,1,0
165.4,71.7,1,0
180.7,103.6,-1,1
158.9,72.6,-1,0
173.2,85.8,-1,1
154.5,49.6,1,0
172.0,86.2,-1,1
171.9,84.7,-1,1
186.8,110.5,-1,1
154.4,61.0,1,0
164.0,80.9,1,0
178.2,70.2,-1,1
173.4,92.2,-1,1
171.8,55.9,1,0
160.4,63.0,1,0
164.1,56.0,1,0
182.5,154.8,-1,1
169.5,83.1,-1,1
173.8,51.3,1,0
168.8,43.6,1,0
158.2,36.3,1,0
179.3,58.4,1,0
175.0,56.4,1,0
193.1,71.4,1,1
159.8,52.9,1,0
178.2,100.1,-1,1
156.9,62.3,1,0
171.6,90.6,-1,1
179.8,55.3,1,0
149.3,50.6,1,0
168.0,54.6,1,0
164.4,74.7,-1,0
163.0,59.5,1,0
173.9,103.2,-1,1
181.2,68.9,-1,1
168.7,53.4,1,0
172.1,83.7,-1,1
171.1,70.1,1,0
170.0,76.6,1,1
159.1,62.4,1,0
181.1,79.2,1,1
173.0,67.3,-1,0
173.9,75.3,1,1
161.9,45.9,1,0
165.4,88.1,-1,1
168.2,92.3,-1,1
154.7,69.7,-1,0
153.1,52.2,1,0
164.0,61.1,1,0
175.2,90.6,-1,1
163.5,47.5,1,0
159.8,81.3,-1,0
161.9,41.9,1,0
165.4,61.0,1,0
166.5,55.7,1,0
191.7,124.8,-1,1
180.5,102.5,-1,1
180.2,92.2,-1,1
181.7,120.5,-1,1
160.0,64.2,1,0
157.8,67.9,-1,0
158.9,36.6,-1,0
183.3,77.6,1,1
164.5,69.5,1,0
157.5,48.4,1,0
165.7,77.0,-1,0
167.6,40.7,1,0
172.7,83.5,-1,1
172.5,62.2,1,0
161.7,49.1,1,0
176.9,92.1,-1,1
163.6,94.4,-1,1
168.4,86.1,-1,1
176.9,63.0,1,0
163.6,77.6,-1,0
164.3,67.4,1,0
175.9,98.3,-1,1
161.4,64.7,1,0
166.2,40.5,1,0
175.6,77.2,1,1
190.5,67.3,1,1
176.1,67.7,1,1
174.7,65.8,1,0
175.3,86.5,-1,1
159.3,73.4,-1,0
171.2,64.0,1,0
169.7,93.0,-1,1
173.2,52.5,1,0
171.2,62.9,1,0
173.8,112.6,-1,1
166.9,46.4,1,0
170.6,94.6,1,1
157.7,58.1,1,0
166.8,68.4,1,0
183.9,98.5,-1,1
173.2,89.3,1,1
169.8,99.5,-1,1
189.0,84.0,1,1
156.4,66.9,-1,0
158.9,55.5,1,0
187.1,64.2,1,1
170.5,80.0,-1,1
167.6,71.6,1,0
158.0,39.9,1,0
174.5,100.9,-1,1
175.4,75.1,1,1
159.1,56.4,1,0
168.6,81.0,1,1
166.6,64.9,1,0
172.6,82.5,-1,1
158.8,84.0,-1,0
182.5,91.3,-1,1
179.2,75.7,-1,1
166.4,56.2,1,0
167.8,62.6,1,0
168.6,85.0,-1,1
162.2,64.9,1,0
165.6,81.8,-1,0
167.3,69.5,1,0
186.1,67.2,1,1
179.5,96.9,-1,1
179.3,64.8,1,1
173.7,63.5,1,0
158.8,48.3,1,0
169.6,60.1,1,0
179.7,102.9,-1,1
157.4,77.5,-1,0
176.4,102.8,-1,1
193.2,117.9,-1,1
180.6,69.7,1,1
184.1,103.4,-1,1
172.2,92.8,-1,1
179.7,63.8,1,1
162.8,73.3,-1,0
178.0,81.5,1,1
176.5,49.9,1,0
172.9,85.1,-1,1
183.2,64.5,1,1
164.6,88.9,-1,1
168.1,57.7,1,0
171.0,78.8,1,1
159.7,69.3,-1,0
172.3,51.9,1,0
152.8,57.4,1,0
180.5,83.5,1,1
170.5,90.5,-1,1
164.8,72.3,1,0
161.7,79.5,1,0
167.7,79.3,-1,0
176.9,84.2,1,1
175.5,88.4,-1,1
162.9,58.0,1,0
161.5,49.8,1,0
176.6,102.6,-1,1
162.8,82.4,-1,0
170.6,75.9,1,1
171.2,79.8,-1,1
173.1,77.6,1,1
178.6,68.2,1,1
157.4,56.9,1,0
150.9,75.0,-1,0
164.3,71.5,1,0
188.0,101.6,-1,1
190.2,123.2,-1,1
188.3,88.5,1,1
168.1,59.1,1,0
152.2,62.9,-1,0
146.6,43.3,-1,0
163.9,48.7,1,0
168.0,84.2,-1,1
183.0,73.6,1,1
178.7,55.9,1,0
172.3,83.2,-1,1
161.1,69.0,1,0
160.4,94.4,-1,1
172.5,74.4,1,1
177.0,98.4,-1,1
173.9,82.8,1,1
159.7,58.5,1,0
176.5,84.4,-1,1
174.3,77.5,1,1
159.3,53.0,1,0
162.2,61.5,1,0
176.9,66.0,-1,1
167.7,65.9,1,0
185.9,91.5,1,1
175.0,71.1,1,1
165.1,64.8,1,0
169.9,50.5,1,0
170.6,55.2,1,0
162.7,61.5,1,0
160.9,86.8,-1,0
177.0,90.2,-1,1
178.5,60.9,1,1
176.0,112.1,-1,1
185.2,85.7,1,1
164.6,49.3,1,0
186.7,80.3,1,1
161.0,76.2,-1,0
159.9,42.7,1,0
152.4,43.6,1,0
165.5,98.2,-1,1
165.0,68.8,1,0
175.3,68.1,1,1
172.4,72.4,1,1
158.1,70.5,-1,0
166.1,61.6,1,0
166.3,91.5,-1,1
152.2,59.3,1,0
160.2,70.5,-1,0
162.3,67.2,1,0
184.3,84.2,1,1
171.9,89.7,-1,1
176.6,95.1,-1,1
155.0,42.1,1,0
181.9,82.4,1,1
183.0,124.9,-1,1
150.0,50.2,1,0
162.9,69.6,1,0
175.0,104.0,1,1
176.4,52.5,1,0
